--Inserts da tabela Cliente
INSERT INTO Cliente VALUES('123456789', 'João Santos', '+351 935447550', 'Rua 25 de Abril 33, 4234-074', '678427819');
INSERT INTO Cliente VALUES('388159795', 'Bartolomeu Ramos', '+351 963775660', 'Rua Nogueiras 1, 4630-084', NULL);
INSERT INTO Cliente VALUES('186067311', 'Bernardo Campos', '+351 915447550', 'Avenida Forças Armadas 90, 1200-069', '678625819');
INSERT INTO Cliente VALUES('207511995', 'Alexandre de Freitas', '+351 935632897', 'Avenida Júlio Dinis 70, 1200-287', '523675984');
INSERT INTO Cliente VALUES('359326391', 'Bernardino Venâncio', '+351 914785647', 'Bairro St António 82, 4950-355', NULL);
INSERT INTO Cliente VALUES('460868275', 'Lisandro do Rosário', '+351 968562347', 'Avenida Doutor Fernando Gomes 10, 4495-313', '541232597');
INSERT INTO Cliente VALUES('165699226', 'Josué Silva', '+351 935452789', 'R Camões 79, 3515-563', NULL);
INSERT INTO Cliente VALUES('318272510', 'Alexandre Varela', '+351 935236489', 'Travessa Choupelo 32, 4475-128', '456235987');
INSERT INTO Cliente VALUES('004221182', 'Mariano Amaral', '+351 935879896', 'Avenida João C Real 120, 3865-214', NULL);
INSERT INTO Cliente VALUES('128956789', 'Alex Mendez', '+351 935452130', 'R Refugo 67, 9760-571', '452163598');
INSERT INTO Cliente VALUES('239220318', 'Celso Freire', '+351 915896547', 'R Camões 56, 3520-108', '452632879');
INSERT INTO Cliente VALUES('513317199', 'Júlia Varela', '+351 915557550', 'R Luís Sardoeira 6, 4600-720', '120076631');
INSERT INTO Cliente VALUES('576749267', 'Gilda Rocha', '+351 915654150', 'Rua Pero Vaz Caminha 117, 3045-497', '975299747');
INSERT INTO Cliente VALUES('378063581', 'Lara Martins', '+351 935986321', 'Rua Vale Formoso 115, 8100-297', '158069503');
INSERT INTO Cliente VALUES('918063606', 'Olga Alves', '+351 969856431', 'Rua Doutor Luís Bettencourt 85, 9580-018', '015494582');
INSERT INTO Cliente VALUES('816046347', 'Iria Varejão', '+351 969853265', 'R 1º Dezembro 50, 4935-706', '394380317');
INSERT INTO Cliente VALUES('133313027', 'Vitória Rebelo', '+351 915235698', 'Rua Mouco 116, 2750-802', '808862904');
INSERT INTO Cliente VALUES('698925581', 'Sol Medeiros', '+351 915652565', 'R Tapada Marinha 120, 4450-395', '581522351');
INSERT INTO Cliente VALUES('680244098', 'Frederica Fernandes', '+351 965984213', 'Avenida Madre Andaluz 24, 2025-343', '912119066');
INSERT INTO Cliente VALUES('163915478', 'Hermínia Guerra', '+351 915423215', 'Avenida Madre Andaluz 77, 2040-103', '183448334');
INSERT INTO Cliente VALUES('346409304', 'Doroteia Freitas', '+351 912656598', 'R Portela 61, 3530-160', '953375591');
INSERT INTO Cliente VALUES('099339688', 'Elder Oliveira', '+351 965659896', 'R Palmeira 110, 2495-017', '732208878');
INSERT INTO Cliente VALUES('217526761', 'Inácio Azevedo', '+351 964712473', 'Avenida Francelos 23, 4460-820', '402875706');
INSERT INTO Cliente VALUES('514394036', 'Ângelo Silva', '+351 917447880', 'R Camões 19, 3515-672', '402589014');
INSERT INTO Cliente VALUES('892654807', 'Cecília Barros', '+351 917447008', 'Rua Pé Mouro Armz 69, 2740-129', NULL);
INSERT INTO Cliente VALUES('350225540', 'Cristina Saraiva', '+351 965685685', 'R Família Marques 20, 2870-112', NULL);
INSERT INTO Cliente VALUES('301286967', 'Mónica Rodrigues', '+351 911111111', 'R Camões 57, 3525-999', NULL);
INSERT INTO Cliente VALUES('930766405', 'Emiliana Couto', '+351 911112222', 'R Bacelo 109, 4770-367', NULL);
INSERT INTO Cliente VALUES('343781818', 'Eduarda Vila', '+351 965533253', 'Avenida Praia 28, 3100-634', NULL);
INSERT INTO Cliente VALUES('711200030', 'Mônica Cruz', '+351 933578751', ' R Pádua Correia 2, 4430-690', NULL);

--Insert da tabela Empresa
INSERT INTO Empresa VALUES('253592337', 'ISEPBarcos', 'Rua Dr. António Benardino de Almeida 431, 4249-015');

--Inserts da tabela Frota
INSERT INTO Frota VALUES(1, 'FrotaA', '253592337');
INSERT INTO Frota VALUES(2, 'FrotaB', '253592337');
INSERT INTO Frota VALUES(3, 'FrotaC', '253592337');
INSERT INTO Frota VALUES(4, 'FrotaD', '253592337');
INSERT INTO Frota VALUES(5, 'FrotaE', '253592337');
INSERT INTO Frota VALUES(6, 'FrotaF', '253592337');
INSERT INTO Frota VALUES(7, 'FrotaG', '253592337');
INSERT INTO Frota VALUES(8, 'FrotaH', '253592337');
INSERT INTO Frota VALUES(9, 'FrotaI', '253592337');
INSERT INTO Frota VALUES(10, 'FrotaJ', '253592337');
INSERT INTO Frota VALUES(11, 'FrotaK', '253592337');
INSERT INTO Frota VALUES(12, 'FrotaL', '253592337');
INSERT INTO Frota VALUES(13, 'FrotaM', '253592337');
INSERT INTO Frota VALUES(14, 'FrotaN', '253592337');
INSERT INTO Frota VALUES(15, 'FrotaO', '253592337');
INSERT INTO Frota VALUES(16, 'FrotaP', '253592337');
INSERT INTO Frota VALUES(17, 'FrotaQ', '253592337');
INSERT INTO Frota VALUES(18, 'FrotaR', '253592337');
INSERT INTO Frota VALUES(19, 'FrotaS', '253592337');
INSERT INTO Frota VALUES(20, 'FrotaT', '253592337');
INSERT INTO Frota VALUES(21, 'FrotaU', '253592337');
INSERT INTO Frota VALUES(22, 'FrotaV', '253592337');
INSERT INTO Frota VALUES(23, 'FrotaW', '253592337');
INSERT INTO Frota VALUES(24, 'FrotaX', '253592337');
INSERT INTO Frota VALUES(25, 'FrotaY', '253592337');
INSERT INTO Frota VALUES(26, 'FrotaZ', '253592337');
INSERT INTO Frota VALUES(27, 'FrotaA2', '253592337');
INSERT INTO Frota VALUES(28, 'FrotaB2', '253592337');
INSERT INTO Frota VALUES(29, 'FrotaC2', '253592337');
INSERT INTO Frota VALUES(30, 'FrotaD2', '253592337');

--Inserts dos funcionarios RESPONSAVEIS
INSERT INTO Funcionario VALUES ('856472987', 'Mariana Oliveira', '+351 935567879', 'Rua do Belo Horizonte 42, 4430-026', 'Responsável', NULL);
INSERT INTO Funcionario VALUES ('123456780', 'João Costa', '+351 913456780', 'Avenida Central 10, 4000-100', 'Responsável', NULL);
INSERT INTO Funcionario VALUES ('234567891', 'Ana Silva', '+351 912345678', 'Rua das Flores 15, 4100-200', 'Responsável', NULL);
INSERT INTO Funcionario VALUES ('345678902', 'Pedro Santos', '+351 915678901', 'Praça do Comércio 5, 1200-300', 'Responsável', NULL);
INSERT INTO Funcionario VALUES ('456789013', 'Sofia Martins', '+351 916789012', 'Travessa da Liberdade 20, 1300-400', 'Responsável', NULL);
INSERT INTO Funcionario VALUES ('567890124', 'Carlos Pereira', '+351 917890123', 'Rua Nova 50, 1400-500', 'Responsável', NULL);
INSERT INTO Funcionario VALUES ('678901235', 'Helena Lopes', '+351 918901234', 'Largo do Carmo 3, 1500-600', 'Responsável', NULL);
INSERT INTO Funcionario VALUES ('789012346', 'Miguel Ferreira', '+351 919012345', 'Rua das Oliveiras 8, 1600-700', 'Responsável', NULL);
INSERT INTO Funcionario VALUES ('890123457', 'Isabel Rodrigues', '+351 910123456', 'Beco da Saudade 12, 1700-800', 'Responsável', NULL);
INSERT INTO Funcionario VALUES ('901234568', 'Luís Almeida', '+351 911234567', 'Avenida da República 45, 1800-900', 'Responsável', NULL);
INSERT INTO Funcionario VALUES ('012345679', 'Cláudia Nunes', '+351 912345689', 'Rua do Sol 22, 1900-010', 'Responsável', NULL);
INSERT INTO Funcionario VALUES ('112345670', 'Rui Gonçalves', '+351 913456790', 'Travessa do Norte 7, 2000-020', 'Responsável', NULL);
INSERT INTO Funcionario VALUES ('212345671', 'Marta Costa', '+351 914567891', 'Rua do Sul 3, 2100-030', 'Responsável', NULL);
INSERT INTO Funcionario VALUES ('312345672', 'Tiago Ribeiro', '+351 915678902', 'Praça da Alegria 1, 2200-040', 'Responsável', NULL);
INSERT INTO Funcionario VALUES ('412345673', 'Andreia Correia', '+351 916789013', 'Beco das Camélias 18, 2300-050', 'Responsável', NULL);
INSERT INTO Funcionario VALUES ('512345674', 'Paulo Mendes', '+351 917890124', 'Avenida dos Navegantes 5, 2400-060', 'Responsável', NULL);
INSERT INTO Funcionario VALUES ('612345675', 'Sílvia Teixeira', '+351 918901235', 'Rua da Lapa 6, 2500-070', 'Responsável', NULL);
INSERT INTO Funcionario VALUES ('712345676', 'José Carvalho', '+351 919012346', 'Travessa das Rosas 11, 2600-080', 'Responsável', NULL);
INSERT INTO Funcionario VALUES ('812345677', 'Beatriz Matos', '+351 910123457', 'Avenida do Porto 33, 2700-090', 'Responsável', NULL);
INSERT INTO Funcionario VALUES ('912345678', 'Ricardo Fonseca', '+351 911234568', 'Rua das Gaivotas 14, 2800-100', 'Responsável', NULL);
INSERT INTO Funcionario VALUES ('013456789', 'Joana Vieira', '+351 912345679', 'Travessa das Andorinhas 7, 2900-110', 'Responsável', NULL);
INSERT INTO Funcionario VALUES ('113456780', 'Fernando Marques', '+351 913456780', 'Praça do Sol 9, 3000-120', 'Responsável', NULL);
INSERT INTO Funcionario VALUES ('213456781', 'Inês Figueiredo', '+351 914567890', 'Avenida do Mar 1, 3100-130', 'Responsável', NULL);
INSERT INTO Funcionario VALUES ('313456782', 'Alexandre Sousa', '+351 915678901', 'Rua das Ondas 17, 3200-140', 'Responsável', NULL);
INSERT INTO Funcionario VALUES ('413456783', 'Susana Coelho', '+351 916789012', 'Travessa do Luar 8, 3300-150', 'Responsável', NULL);
INSERT INTO Funcionario VALUES ('513456784', 'Jorge Antunes', '+351 917890123', 'Rua do Horizonte 19, 3400-160', 'Responsável', NULL);
INSERT INTO Funcionario VALUES ('613456785', 'Patrícia Amorim', '+351 918901234', 'Avenida do Pôr-do-Sol 15, 3500-170', 'Responsável', NULL);
INSERT INTO Funcionario VALUES ('713456786', 'Vítor Azevedo', '+351 919012345', 'Praça das Palmeiras 4, 3600-180', 'Responsável', NULL);
INSERT INTO Funcionario VALUES ('813456787', 'Carolina Barbosa', '+351 910123456', 'Rua do Poente 20, 3700-190', 'Responsável', NULL);
INSERT INTO Funcionario VALUES ('913456788', 'Nuno Cunha', '+351 911234567', 'Travessa das Hortênsias 13, 3800-200', 'Responsável', NULL);

--Inserts da tabela locadora
INSERT INTO Locadora VALUES ('123', 'Leixões', '253592337', '+351 961204597', 'Praça do Mar 37, 3876-200', '856472987', 1);
INSERT INTO Locadora VALUES ('124', 'Sesimbra', '253592337', '+351 961204598', 'Rua da Praia 11, 4900-100', '123456780', 2);
INSERT INTO Locadora VALUES ('125', 'Porto', '253592337', '+351 961204599', 'Avenida da Ribeira 20, 4050-200', '234567891', 3);
INSERT INTO Locadora VALUES ('126', 'Aveiro', '253592337', '+351 961204600', 'Largo da Ria 3, 3800-300', '345678902', 4);
INSERT INTO Locadora VALUES ('127', 'Figueira da Foz', '253592337', '+351 961204601', 'Praça do Forte 7, 3080-400', '456789013', 5);
INSERT INTO Locadora VALUES ('128', 'Nazaré', '253592337', '+351 961204602', 'Rua do Farol 25, 2450-500', '567890124', 6);
INSERT INTO Locadora VALUES ('129', 'Peniche', '253592337', '+351 961204603', 'Travessa da Lota 18, 2520-600', '678901235', 7);
INSERT INTO Locadora VALUES ('130', 'Cascais', '253592337', '+351 961204604', 'Rua do Porto 6, 2750-700', '789012346', 8);
INSERT INTO Locadora VALUES ('131', 'Lisboa', '253592337', '+351 961204605', 'Avenida das Naus 10, 1200-800', '890123457', 9);
INSERT INTO Locadora VALUES ('132', 'Setúbal', '253592337', '+351 961204606', 'Praça do Mar 12, 2900-900', '901234568', 10);
INSERT INTO Locadora VALUES ('133', 'Sines', '253592337', '+351 961204607', 'Rua do Horizonte 8, 7520-010', '012345679', 11);
INSERT INTO Locadora VALUES ('134', 'Lagos', '253592337', '+351 961204608', 'Avenida da Marina 14, 8600-020', '112345670', 12);
INSERT INTO Locadora VALUES ('135', 'Portimão', '253592337', '+351 961204609', 'Rua da Enseada 22, 8500-030', '212345671', 13);
INSERT INTO Locadora VALUES ('136', 'Faro', '253592337', '+351 961204610', 'Praça das Ondas 5, 8000-040', '312345672', 14);
INSERT INTO Locadora VALUES ('137', 'Olhão', '253592337', '+351 961204611', 'Travessa do Porto 9, 8700-050', '412345673', 15);
INSERT INTO Locadora VALUES ('138', 'Tavira', '253592337', '+351 961204612', 'Avenida das Gaivotas 13, 8800-060', '512345674', 16);
INSERT INTO Locadora VALUES ('139', 'VR de St António', '253592337', '+351 961204613', 'Rua do Golfo 15, 8900-070', '612345675', 17);
INSERT INTO Locadora VALUES ('140', 'Funchal', '253592337', '+351 961204614', 'Praça do Atlântico 11, 9000-080', '712345676', 18);
INSERT INTO Locadora VALUES ('141', 'Porto Santo', '253592337', '+351 961204615', 'Rua do Leste 18, 9400-090', '812345677', 19);
INSERT INTO Locadora VALUES ('142', 'Ponta Delgada', '253592337', '+351 961204616', 'Travessa do Oceano 3, 9500-100', '912345678', 20);
INSERT INTO Locadora VALUES ('143', 'Horta', '253592337', '+351 961204617', 'Avenida do Canal 25, 9900-110', '013456789', 21);
INSERT INTO Locadora VALUES ('144', 'Angra do Heroísmo', '253592337', '+351 961204618', 'Rua das Baleias 30, 9700-120', '113456780', 22);
INSERT INTO Locadora VALUES ('145', 'Vila do Porto', '253592337', '+351 961204619', 'Praça dos Marinheiros 7, 9580-130', '213456781', 23);
INSERT INTO Locadora VALUES ('146', 'Lajes do Pico', '253592337', '+351 961204620', 'Travessa das Marés 11, 9930-140', '313456782', 24);
INSERT INTO Locadora VALUES ('147', 'St Cruz das Flores', '253592337', '+351 961204621', 'Avenida do Porto 18, 9970-150', '413456783', 25);
INSERT INTO Locadora VALUES ('148', 'Rabo de Peixe', '253592337', '+351 961204622', 'Rua da Pescaria 20, 9600-160', '513456784', 26);
INSERT INTO Locadora VALUES ('149', 'Machico', '253592337', '+351 961204623', 'Praça do Cabo 22, 9200-170', '613456785', 27);
INSERT INTO Locadora VALUES ('150', 'Caniçal', '253592337', '+351 961204624', 'Travessa do Farol 17, 9225-180', '713456786', 28);
INSERT INTO Locadora VALUES ('151', 'Ribeira Brava', '253592337', '+351 961204625', 'Rua do Sol 12, 9350-190', '813456787', 29);
INSERT INTO Locadora VALUES ('152', 'São Vicente', '253592337', '+351 961204626', 'Avenida das Palmeiras 9, 9240-200', '913456788', 30);

--Update aos funcionarios responsaveis para atribuir a locadora pela qual é reponsável
UPDATE Funcionario SET codLocadora = 123 WHERE numCC = '856472987'; -- Leixões
UPDATE Funcionario SET codLocadora = 124 WHERE numCC = '123456780'; -- Sesimbra
UPDATE Funcionario SET codLocadora = 125 WHERE numCC = '234567891'; -- Porto
UPDATE Funcionario SET codLocadora = 126 WHERE numCC = '345678902'; -- Aveiro
UPDATE Funcionario SET codLocadora = 127 WHERE numCC = '456789013'; -- Figueira da Foz
UPDATE Funcionario SET codLocadora = 128 WHERE numCC = '567890124'; -- Nazaré
UPDATE Funcionario SET codLocadora = 129 WHERE numCC = '678901235'; -- Peniche
UPDATE Funcionario SET codLocadora = 130 WHERE numCC = '789012346'; -- Cascais
UPDATE Funcionario SET codLocadora = 131 WHERE numCC = '890123457'; -- Lisboa
UPDATE Funcionario SET codLocadora = 132 WHERE numCC = '901234568'; -- Setúbal
UPDATE Funcionario SET codLocadora = 133 WHERE numCC = '012345679'; -- Sines
UPDATE Funcionario SET codLocadora = 134 WHERE numCC = '112345670'; -- Lagos
UPDATE Funcionario SET codLocadora = 135 WHERE numCC = '212345671'; -- Portimão
UPDATE Funcionario SET codLocadora = 136 WHERE numCC = '312345672'; -- Faro
UPDATE Funcionario SET codLocadora = 137 WHERE numCC = '412345673'; -- Olhão
UPDATE Funcionario SET codLocadora = 138 WHERE numCC = '512345674'; -- Tavira
UPDATE Funcionario SET codLocadora = 139 WHERE numCC = '612345675'; -- Vila Real de Santo António
UPDATE Funcionario SET codLocadora = 140 WHERE numCC = '712345676'; -- Funchal
UPDATE Funcionario SET codLocadora = 141 WHERE numCC = '812345677'; -- Porto Santo
UPDATE Funcionario SET codLocadora = 142 WHERE numCC = '912345678'; -- Ponta Delgada
UPDATE Funcionario SET codLocadora = 143 WHERE numCC = '013456789'; -- Horta
UPDATE Funcionario SET codLocadora = 144 WHERE numCC = '113456780'; -- Angra do Heroísmo
UPDATE Funcionario SET codLocadora = 145 WHERE numCC = '213456781'; -- Vila do Porto
UPDATE Funcionario SET codLocadora = 146 WHERE numCC = '313456782'; -- Lajes do Pico
UPDATE Funcionario SET codLocadora = 147 WHERE numCC = '413456783'; -- Santa Cruz das Flores
UPDATE Funcionario SET codLocadora = 148 WHERE numCC = '513456784'; -- Rabo de Peixe
UPDATE Funcionario SET codLocadora = 149 WHERE numCC = '613456785'; -- Machico
UPDATE Funcionario SET codLocadora = 150 WHERE numCC = '713456786'; -- Caniçal
UPDATE Funcionario SET codLocadora = 151 WHERE numCC = '813456787'; -- Ribeira Brava
UPDATE Funcionario SET codLocadora = 152 WHERE numCC = '913456788'; -- São Vicente

--Inserts do resto dos funcionários

--Locadora 123
INSERT INTO Funcionario VALUES('363784987', 'Manuel Augusto', '+351 963254412', 'Rua do Farol 27, 2450-500', 'Trabalhador de doca', 123);
INSERT INTO Funcionario VALUES('363784988', 'Joana Oliveira', '+351 963254413', 'Rua do Mar 35, 4430-675', 'Monitor', 123);
INSERT INTO Funcionario VALUES('363784989', 'Ana Silva', '+351 963254414', 'Avenida do Canal 26, 4420-675', 'Administrativo', 123);

-- Locadora 124
INSERT INTO Funcionario VALUES('363784990', 'Carlos Almeida', '+351 963254415', 'Rua das Flores 12, 4100-350', 'Trabalhador de doca', 124);
INSERT INTO Funcionario VALUES('363784991', 'Marta Soares', '+351 963254416', 'Rua do Mercado 7, 4150-200', 'Monitor', 124);
INSERT INTO Funcionario VALUES('363784992', 'Pedro Costa', '+351 963254417', 'Avenida Central 20, 4000-110', 'Administrativo', 124);

-- Locadora 125
INSERT INTO Funcionario VALUES('363784993', 'Ricardo Teixeira', '+351 963254418', 'Rua da Praia 3, 3800-100', 'Trabalhador de doca', 125);
INSERT INTO Funcionario VALUES('363784994', 'Sofia Rodrigues', '+351 963254419', 'Rua da Fonte 18, 3850-125', 'Monitor', 125);
INSERT INTO Funcionario VALUES('363784995', 'André Martins', '+351 963254420', 'Avenida das Nações 10, 3880-300', 'Administrativo', 125);

-- Locadora 126
INSERT INTO Funcionario VALUES('363784996', 'João Figueiredo', '+351 963254421', 'Rua dos Navegantes 14, 4900-200', 'Trabalhador de doca', 126);
INSERT INTO Funcionario VALUES('363784997', 'Ana Marques', '+351 963254422', 'Rua das Ondas 23, 4910-150', 'Monitor', 126);
INSERT INTO Funcionario VALUES('363784998', 'Paulo Ferreira', '+351 963254423', 'Rua do Oceano 5, 4920-120', 'Administrativo', 126);

-- Locadora 127
INSERT INTO Funcionario VALUES('363784999', 'Filipe Carvalho', '+351 963254424', 'Rua dos Faróis 12, 2800-100', 'Trabalhador de doca', 127);
INSERT INTO Funcionario VALUES('363785000', 'Catarina Lopes', '+351 963254425', 'Rua do Mar Azul 9, 2850-110', 'Monitor', 127);
INSERT INTO Funcionario VALUES('363785001', 'Miguel Fonseca', '+351 963254426', 'Rua do Porto 15, 2810-200', 'Administrativo', 127);

-- Locadora 128
INSERT INTO Funcionario VALUES('363785002', 'Luis Mendes', '+351 963254427', 'Avenida dos Pescadores 22, 4900-300', 'Trabalhador de doca', 128);
INSERT INTO Funcionario VALUES('363785003', 'Daniela Rocha', '+351 963254428', 'Rua do Mar Verde 4, 4950-150', 'Monitor', 128);
INSERT INTO Funcionario VALUES('363785004', 'Sandra Brito', '+351 963254429', 'Rua das Gaivotas 18, 4925-200', 'Administrativo', 128);

-- Locadora 129
INSERT INTO Funcionario VALUES('363785005', 'Fernando Borges', '+351 963254430', 'Rua do Horizonte 5, 5000-150', 'Trabalhador de doca', 129);
INSERT INTO Funcionario VALUES('363785006', 'Cláudia Reis', '+351 963254431', 'Praça das Marés 8, 5050-180', 'Monitor', 129);
INSERT INTO Funcionario VALUES('363785007', 'Hugo Freitas', '+351 963254432', 'Avenida do Sol 25, 5010-100', 'Administrativo', 129);

-- Locadora 130
INSERT INTO Funcionario VALUES('363785008', 'Tiago Almeida', '+351 963254433', 'Rua das Estrelas 3, 6000-500', 'Trabalhador de doca', 130);
INSERT INTO Funcionario VALUES('363785009', 'Patrícia Faria', '+351 963254434', 'Rua do Céu Limpo 12, 6050-300', 'Monitor', 130);
INSERT INTO Funcionario VALUES('363785010', 'Rita Dias', '+351 963254435', 'Avenida da Paz 20, 6020-200', 'Administrativo', 130);

-- Locadora 131
INSERT INTO Funcionario VALUES('363785011', 'Gabriel Santos', '+351 963254436', 'Rua da Boa Vista 9, 7000-500', 'Trabalhador de doca', 131);
INSERT INTO Funcionario VALUES('363785012', 'Mariana Lopes', '+351 963254437', 'Avenida do Tejo 17, 7050-350', 'Monitor', 131);
INSERT INTO Funcionario VALUES('363785013', 'Helena Nogueira', '+351 963254438', 'Rua dos Montes 15, 7020-100', 'Administrativo', 131);

-- Locadora 132
INSERT INTO Funcionario VALUES('363785014', 'Artur Matos', '+351 963254439', 'Rua da Serra 22, 8000-150', 'Trabalhador de doca', 132);
INSERT INTO Funcionario VALUES('363785015', 'Beatriz Correia', '+351 963254440', 'Praça das Pedras 7, 8050-250', 'Monitor', 132);
INSERT INTO Funcionario VALUES('363785016', 'Rodrigo Almeida', '+351 963254441', 'Rua do Vale 18, 8030-400', 'Administrativo', 132);

-- Locadora 133
INSERT INTO Funcionario VALUES('363785017', 'João Ramos', '+351 963254442', 'Rua do Horizonte 12, 9000-110', 'Trabalhador de doca', 133);
INSERT INTO Funcionario VALUES('363785018', 'Sara Fernandes', '+351 963254443', 'Rua da Aurora 30, 9050-350', 'Monitor', 133);
INSERT INTO Funcionario VALUES('366666666', 'Susana Freitas', '+351 932445550', 'Avenida do Mar 33, 9050-441', 'Monitor',133);
INSERT INTO Funcionario VALUES('363785019', 'Ricardo Pinto', '+351 963254444', 'Avenida do Lago 22, 9010-200', 'Administrativo', 133);

-- Locadora 134
INSERT INTO Funcionario VALUES('363785020', 'André Simões', '+351 963254445', 'Rua do Pôr do Sol 15, 10000-150', 'Trabalhador de doca', 134);
INSERT INTO Funcionario VALUES('363785021', 'Catarina Barros', '+351 963254446', 'Avenida da Costa 18, 10050-100', 'Monitor', 134);
INSERT INTO Funcionario VALUES('363785022', 'Daniel Fonseca', '+351 963254447', 'Rua da Praia 27, 10020-300', 'Administrativo', 134);

-- Locadora 135
INSERT INTO Funcionario VALUES('363785023', 'Luís Ribeiro', '+351 963254448', 'Rua da Esperança 9, 11000-400', 'Trabalhador de doca', 135);
INSERT INTO Funcionario VALUES('363785024', 'Margarida Gomes', '+351 963254449', 'Rua da Liberdade 8, 11050-500', 'Monitor', 135);
INSERT INTO Funcionario VALUES('363785025', 'Hugo Coelho', '+351 963254450', 'Avenida do Rio 25, 11020-300', 'Administrativo', 135);

-- Locadora 136
INSERT INTO Funcionario VALUES('363785026', 'Carlos Mendes', '+351 963254451', 'Rua do Sol Nascente 11, 12000-100', 'Trabalhador de doca', 136);
INSERT INTO Funcionario VALUES('363785027', 'Inês Neves', '+351 963254452', 'Praça da Vitória 20, 12050-200', 'Monitor', 136);
INSERT INTO Funcionario VALUES('363785028', 'Fábio Antunes', '+351 963254453', 'Rua das Estrelas 30, 12020-400', 'Administrativo', 136);

-- Locadora 137
INSERT INTO Funcionario VALUES('363785029', 'Gonçalo Farias', '+351 963254454', 'Avenida dos Navegantes 17, 13000-500', 'Trabalhador de doca', 137);
INSERT INTO Funcionario VALUES('363785030', 'Sofia Matias', '+351 963254455', 'Rua do Horizonte 8, 13050-300', 'Monitor', 137);
INSERT INTO Funcionario VALUES('363785031', 'Leonor Vieira', '+351 963254456', 'Avenida do Mar 12, 13020-200', 'Administrativo', 137);

-- Locadora 138
INSERT INTO Funcionario VALUES('363785032', 'Tiago Carvalho', '+351 963254457', 'Rua do Porto Seguro 3, 14000-150', 'Trabalhador de doca', 138);
INSERT INTO Funcionario VALUES('363785033', 'Marta Sousa', '+351 963254458', 'Rua da Alegria 7, 14050-100', 'Monitor', 138);
INSERT INTO Funcionario VALUES('363785034', 'Joana Faria', '+351 963254459', 'Rua da Paz 25, 14020-350', 'Administrativo', 138);

-- Locadora 139
INSERT INTO Funcionario VALUES('363785035', 'Bruno Costa', '+351 963254460', 'Rua da Praia Serena 5, 15000-250', 'Trabalhador de doca', 139);
INSERT INTO Funcionario VALUES('363785036', 'Vanessa Ferreira', '+351 963254461', 'Praça do Amanhecer 8, 15050-200', 'Monitor', 139);
INSERT INTO Funcionario VALUES('363785037', 'David Nogueira', '+351 963254462', 'Avenida das Marés 18, 15020-100', 'Administrativo', 139);

-- Locadora 140
INSERT INTO Funcionario VALUES('363785038', 'Fernando Ribeiro', '+351 963254463', 'Rua do Oceano 21, 16000-350', 'Trabalhador de doca', 140);
INSERT INTO Funcionario VALUES('363785039', 'Carla Silva', '+351 963254464', 'Avenida das Ondas 14, 16050-100', 'Monitor', 140);
INSERT INTO Funcionario VALUES('363785040', 'Patrícia Cruz', '+351 963254465', 'Rua da Calma 30, 16020-200', 'Administrativo', 140);

-- Locadora 141
INSERT INTO Funcionario VALUES('363785041', 'Diogo Santos', '+351 963254466', 'Rua dos Navegadores 3, 17000-150', 'Trabalhador de doca', 141);
INSERT INTO Funcionario VALUES('363785042', 'Rita Gomes', '+351 963254467', 'Rua do Farol 8, 17050-300', 'Monitor', 141);
INSERT INTO Funcionario VALUES('363785043', 'Eduardo Lima', '+351 963254468', 'Avenida da Brisa 27, 17020-400', 'Administrativo', 141);

-- Locadora 142
INSERT INTO Funcionario VALUES('363785044', 'Marcelo Oliveira', '+351 963254469', 'Rua do Horizonte Azul 15, 18000-200', 'Trabalhador de doca', 142);
INSERT INTO Funcionario VALUES('363785045', 'Tatiana Martins', '+351 963254470', 'Praça do Sol 19, 18050-250', 'Monitor', 142);
INSERT INTO Funcionario VALUES('363785046', 'Fábio Ferreira', '+351 963254471', 'Rua do Lago 12, 18020-300', 'Administrativo', 142);

-- Locadora 143
INSERT INTO Funcionario VALUES('363785047', 'André Costa', '+351 963254472', 'Rua do Pôr do Sol 17, 19000-150', 'Trabalhador de doca', 143);
INSERT INTO Funcionario VALUES('363785048', 'Cláudia Barbosa', '+351 963254473', 'Rua da Liberdade 10, 19050-100', 'Monitor', 143);
INSERT INTO Funcionario VALUES('363785049', 'Marcos Pinto', '+351 963254474', 'Avenida do Mar Sereno 30, 19020-350', 'Administrativo', 143);

-- Locadora 144
INSERT INTO Funcionario VALUES('363785050', 'Francisco Monteiro', '+351 963254475', 'Rua das Flores 5, 20000-500', 'Trabalhador de doca', 144);
INSERT INTO Funcionario VALUES('363785051', 'Sara Cunha', '+351 963254476', 'Praça do Rio 18, 20050-300', 'Monitor', 144);
INSERT INTO Funcionario VALUES('363785052', 'João Almeida', '+351 963254477', 'Rua da Vitória 12, 20020-100', 'Administrativo', 144);

-- Locadora 145
INSERT INTO Funcionario VALUES('363785053', 'Miguel Carvalho', '+351 963254478', 'Avenida do Horizonte 7, 21000-200', 'Trabalhador de doca', 145);
INSERT INTO Funcionario VALUES('363785054', 'Vanessa Nunes', '+351 963254479', 'Rua do Pôr do Sol 22, 21050-250', 'Monitor', 145);
INSERT INTO Funcionario VALUES('363785055', 'Helena Rocha', '+351 963254480', 'Rua do Canal 9, 21020-300', 'Administrativo', 145);

-- Locadora 146
INSERT INTO Funcionario VALUES('363785056', 'Rafael Silva', '+351 963254481', 'Rua das Ondas 30, 22000-150', 'Trabalhador de doca', 146);
INSERT INTO Funcionario VALUES('363785057', 'Mariana Figueira', '+351 963254482', 'Avenida das Brisas 18, 22050-400', 'Monitor', 146);
INSERT INTO Funcionario VALUES('363785058', 'Carlos Marques', '+351 963254483', 'Rua do Oceano 5, 22020-200', 'Administrativo', 146);

-- Locadora 147
INSERT INTO Funcionario VALUES('363785059', 'Tiago Rocha', '+351 963254484', 'Rua da Praia 17, 23000-500', 'Trabalhador de doca', 147);
INSERT INTO Funcionario VALUES('363785060', 'Ana Ribeiro', '+351 963254485', 'Rua do Horizonte Azul 14, 23050-250', 'Monitor', 147);
INSERT INTO Funcionario VALUES('363785061', 'Diana Gonçalves', '+351 963254486', 'Avenida do Porto Seguro 20, 23020-300', 'Administrativo', 147);

-- Locadora 148
INSERT INTO Funcionario VALUES('363785062', 'João Costa', '+351 963254487', 'Rua da Boa Vista 22, 24000-150', 'Trabalhador de doca', 148);
INSERT INTO Funcionario VALUES('363785063', 'Marta Rodrigues', '+351 963254488', 'Praça da Vitória 8, 24050-100', 'Monitor', 148);
INSERT INTO Funcionario VALUES('363785064', 'Bruno Alves', '+351 963254489', 'Rua do Vale 25, 24020-200', 'Administrativo', 148);

-- Locadora 149
INSERT INTO Funcionario VALUES('363785065', 'Gabriel Oliveira', '+351 963254490', 'Avenida do Tejo 10, 25000-400', 'Trabalhador de doca', 149);
INSERT INTO Funcionario VALUES('363785066', 'Inês Matos', '+351 963254491', 'Rua das Estrelas 30, 25050-200', 'Monitor', 149);
INSERT INTO Funcionario VALUES('363785067', 'Carolina Almeida', '+351 963254492', 'Rua da Alegria 12, 25020-100', 'Administrativo', 149);

-- Locadora 150
INSERT INTO Funcionario VALUES('363785068', 'Ricardo Faria', '+351 963254493', 'Rua do Horizonte 18, 26000-350', 'Trabalhador de doca', 150);
INSERT INTO Funcionario VALUES('363785069', 'Leonor Ferreira', '+351 963254494', 'Avenida do Canal 11, 26050-300', 'Monitor', 150);
INSERT INTO Funcionario VALUES('363785070', 'Beatriz Lopes', '+351 963254495', 'Rua do Porto Seguro 9, 26020-400', 'Administrativo', 150);

-- Locadora 151
INSERT INTO Funcionario VALUES('363785071', 'Sofia Mendes', '+351 963254496', 'Rua da Vitória 25, 27000-150', 'Trabalhador de doca', 151);
INSERT INTO Funcionario VALUES('363785072', 'Hugo Santos', '+351 963254497', 'Rua da Paz 8, 27050-250', 'Monitor', 151);
INSERT INTO Funcionario VALUES('363785073', 'Margarida Vieira', '+351 963254498', 'Avenida do Sol 18, 27020-300', 'Administrativo', 151);

-- Locadora 152
INSERT INTO Funcionario VALUES('363785074', 'Artur Ramos', '+351 963254499', 'Rua da Liberdade 15, 28000-500', 'Trabalhador de doca', 152);
INSERT INTO Funcionario VALUES('363785075', 'Joana Nogueira', '+351 963254500', 'Avenida do Horizonte 10, 28050-100', 'Monitor', 152);
INSERT INTO Funcionario VALUES('363785076', 'Rafael Barros', '+351 963254501', 'Rua da Praia Serena 5, 28020-400', 'Trabalhador de doca', 152);

--Inserts da tabela TipoEmbarcacao
INSERT INTO TipoEmbarcacao VALUES('Remos', 25, 'H');
INSERT INTO TipoEmbarcacao VALUES('Gaivota', 30, 'H');
INSERT INTO TipoEmbarcacao VALUES('Motor', 150, 'D');
INSERT INTO TipoEmbarcacao VALUES('Vela', 120, 'D');

--Inserts da tabela Embarcacao

-- Frota 1
INSERT INTO Embarcacao VALUES('1-GA-001', 'Gaivota1', 'Gaivota', 1);
INSERT INTO Embarcacao VALUES('1-MO-001', 'Motor1', 'Motor', 1);
INSERT INTO Embarcacao VALUES('1-RE-001', 'Remos1', 'Remos', 1);
INSERT INTO Embarcacao VALUES('1-VE-001', 'Vela1', 'Vela', 1);

-- Frota 2
INSERT INTO Embarcacao VALUES('2-GA-001', 'Gaivota2', 'Gaivota', 2);
INSERT INTO Embarcacao VALUES('2-MO-001', 'Motor2', 'Motor', 2);
INSERT INTO Embarcacao VALUES('2-RE-001', 'Remos2', 'Remos', 2);
INSERT INTO Embarcacao VALUES('2-VE-001', 'Vela2', 'Vela', 2);

-- Frota 3
INSERT INTO Embarcacao VALUES('3-GA-001', 'Gaivota3', 'Gaivota', 3);
INSERT INTO Embarcacao VALUES('3-MO-001', 'Motor3', 'Motor', 3);
INSERT INTO Embarcacao VALUES('3-RE-001', 'Remos3', 'Remos', 3);
INSERT INTO Embarcacao VALUES('3-VE-001', 'Vela3', 'Vela', 3);

-- Frota 4
INSERT INTO Embarcacao VALUES('4-GA-001', 'Gaivota4', 'Gaivota', 4);
INSERT INTO Embarcacao VALUES('4-MO-001', 'Motor4', 'Motor', 4);
INSERT INTO Embarcacao VALUES('4-RE-001', 'Remos4', 'Remos', 4);
INSERT INTO Embarcacao VALUES('4-VE-001', 'Vela4', 'Vela', 4);

-- Frota 5
INSERT INTO Embarcacao VALUES('5-GA-001', 'Gaivota5', 'Gaivota', 5);
INSERT INTO Embarcacao VALUES('5-MO-001', 'Motor5', 'Motor', 5);
INSERT INTO Embarcacao VALUES('5-RE-001', 'Remos5', 'Remos', 5);
INSERT INTO Embarcacao VALUES('5-VE-001', 'Vela5', 'Vela', 5);

-- Frota 6
INSERT INTO Embarcacao VALUES('6-GA-001', 'Gaivota6', 'Gaivota', 6);
INSERT INTO Embarcacao VALUES('6-MO-001', 'Motor6', 'Motor', 6);
INSERT INTO Embarcacao VALUES('6-RE-001', 'Remos6', 'Remos', 6);
INSERT INTO Embarcacao VALUES('6-VE-001', 'Vela6', 'Vela', 6);

-- Frota 7
INSERT INTO Embarcacao VALUES('7-GA-001', 'Gaivota7', 'Gaivota', 7);
INSERT INTO Embarcacao VALUES('7-MO-001', 'Motor7', 'Motor', 7);
INSERT INTO Embarcacao VALUES('7-RE-001', 'Remos7', 'Remos', 7);
INSERT INTO Embarcacao VALUES('7-VE-001', 'Vela7', 'Vela', 7);

-- Frota 8
INSERT INTO Embarcacao VALUES('8-GA-001', 'Gaivota8', 'Gaivota', 8);
INSERT INTO Embarcacao VALUES('8-MO-001', 'Motor8', 'Motor', 8);
INSERT INTO Embarcacao VALUES('8-RE-001', 'Remos8', 'Remos', 8);
INSERT INTO Embarcacao VALUES('8-VE-001', 'Vela8', 'Vela', 8);

-- Frota 9
INSERT INTO Embarcacao VALUES('9-GA-001', 'Gaivota9', 'Gaivota', 9);
INSERT INTO Embarcacao VALUES('9-MO-001', 'Motor9', 'Motor', 9);
INSERT INTO Embarcacao VALUES('9-RE-001', 'Remos9', 'Remos', 9);
INSERT INTO Embarcacao VALUES('9-VE-001', 'Vela9', 'Vela', 9);

-- Frota 10
INSERT INTO Embarcacao VALUES('10-GA-001', 'Gaivota10', 'Gaivota', 10);
INSERT INTO Embarcacao VALUES('10-MO-001', 'Motor10', 'Motor', 10);
INSERT INTO Embarcacao VALUES('10-RE-001', 'Remos10', 'Remos', 10);
INSERT INTO Embarcacao VALUES('10-VE-001', 'Vela10', 'Vela', 10);

-- Frota 11
INSERT INTO Embarcacao VALUES('11-GA-001', 'Gaivota11', 'Gaivota', 11);
INSERT INTO Embarcacao VALUES('11-MO-001', 'Motor11', 'Motor', 11);
INSERT INTO Embarcacao VALUES('11-RE-001', 'Remos11', 'Remos', 11);
INSERT INTO Embarcacao VALUES('11-VE-001', 'Vela11', 'Vela', 11);

-- Frota 12
INSERT INTO Embarcacao VALUES('12-GA-001', 'Gaivota12', 'Gaivota', 12);
INSERT INTO Embarcacao VALUES('12-MO-001', 'Motor12', 'Motor', 12);
INSERT INTO Embarcacao VALUES('12-RE-001', 'Remos12', 'Remos', 12);
INSERT INTO Embarcacao VALUES('12-VE-001', 'Vela12', 'Vela', 12);

-- Frota 13
INSERT INTO Embarcacao VALUES('13-GA-001', 'Gaivota13', 'Gaivota', 13);
INSERT INTO Embarcacao VALUES('13-MO-001', 'Motor13', 'Motor', 13);
INSERT INTO Embarcacao VALUES('13-RE-001', 'Remos13', 'Remos', 13);
INSERT INTO Embarcacao VALUES('13-VE-001', 'Vela13', 'Vela', 13);

-- Frota 14
INSERT INTO Embarcacao VALUES('14-GA-001', 'Gaivota14', 'Gaivota', 14);
INSERT INTO Embarcacao VALUES('14-MO-001', 'Motor14', 'Motor', 14);
INSERT INTO Embarcacao VALUES('14-RE-001', 'Remos14', 'Remos', 14);
INSERT INTO Embarcacao VALUES('14-VE-001', 'Vela14', 'Vela', 14);

-- Frota 15
INSERT INTO Embarcacao VALUES('15-GA-001', 'Gaivota15', 'Gaivota', 15);
INSERT INTO Embarcacao VALUES('15-MO-001', 'Motor15', 'Motor', 15);
INSERT INTO Embarcacao VALUES('15-RE-001', 'Remos15', 'Remos', 15);
INSERT INTO Embarcacao VALUES('15-VE-001', 'Vela15', 'Vela', 15);

-- Frota 16
INSERT INTO Embarcacao VALUES('16-GA-001', 'Gaivota16', 'Gaivota', 16);
INSERT INTO Embarcacao VALUES('16-MO-001', 'Motor16', 'Motor', 16);
INSERT INTO Embarcacao VALUES('16-RE-001', 'Remos16', 'Remos', 16);
INSERT INTO Embarcacao VALUES('16-VE-001', 'Vela16', 'Vela', 16);

-- Frota 17
INSERT INTO Embarcacao VALUES('17-GA-001', 'Gaivota17', 'Gaivota', 17);
INSERT INTO Embarcacao VALUES('17-MO-001', 'Motor17', 'Motor', 17);
INSERT INTO Embarcacao VALUES('17-RE-001', 'Remos17', 'Remos', 17);
INSERT INTO Embarcacao VALUES('17-VE-001', 'Vela17', 'Vela', 17);

-- Frota 18
INSERT INTO Embarcacao VALUES('18-GA-001', 'Gaivota18', 'Gaivota', 18);
INSERT INTO Embarcacao VALUES('18-MO-001', 'Motor18', 'Motor', 18);
INSERT INTO Embarcacao VALUES('18-RE-001', 'Remos18', 'Remos', 18);
INSERT INTO Embarcacao VALUES('18-VE-001', 'Vela18', 'Vela', 18);

-- Frota 19
INSERT INTO Embarcacao VALUES('19-GA-001', 'Gaivota19', 'Gaivota', 19);
INSERT INTO Embarcacao VALUES('19-MO-001', 'Motor19', 'Motor', 19);
INSERT INTO Embarcacao VALUES('19-RE-001', 'Remos19', 'Remos', 19);
INSERT INTO Embarcacao VALUES('19-VE-001', 'Vela19', 'Vela', 19);

-- Frota 20
INSERT INTO Embarcacao VALUES('20-GA-001', 'Gaivota20', 'Gaivota', 20);
INSERT INTO Embarcacao VALUES('20-MO-001', 'Motor20', 'Motor', 20);
INSERT INTO Embarcacao VALUES('20-RE-001', 'Remos20', 'Remos', 20);
INSERT INTO Embarcacao VALUES('20-VE-001', 'Vela20', 'Vela', 20);

-- Frota 21
INSERT INTO Embarcacao VALUES('21-GA-001', 'Gaivota21', 'Gaivota', 21);
INSERT INTO Embarcacao VALUES('21-MO-001', 'Motor21', 'Motor', 21);
INSERT INTO Embarcacao VALUES('21-RE-001', 'Remos21', 'Remos', 21);
INSERT INTO Embarcacao VALUES('21-VE-001', 'Vela21', 'Vela', 21);

-- Frota 22
INSERT INTO Embarcacao VALUES('22-GA-001', 'Gaivota22', 'Gaivota', 22);
INSERT INTO Embarcacao VALUES('22-MO-001', 'Motor22', 'Motor', 22);
INSERT INTO Embarcacao VALUES('22-RE-001', 'Remos22', 'Remos', 22);
INSERT INTO Embarcacao VALUES('22-VE-001', 'Vela22', 'Vela', 22);

-- Frota 23
INSERT INTO Embarcacao VALUES('23-GA-001', 'Gaivota23', 'Gaivota', 23);
INSERT INTO Embarcacao VALUES('23-MO-001', 'Motor23', 'Motor', 23);
INSERT INTO Embarcacao VALUES('23-RE-001', 'Remos23', 'Remos', 23);
INSERT INTO Embarcacao VALUES('23-VE-001', 'Vela23', 'Vela', 23);

-- Frota 24
INSERT INTO Embarcacao VALUES('24-GA-001', 'Gaivota24', 'Gaivota', 24);
INSERT INTO Embarcacao VALUES('24-MO-001', 'Motor24', 'Motor', 24);
INSERT INTO Embarcacao VALUES('24-RE-001', 'Remos24', 'Remos', 24);
INSERT INTO Embarcacao VALUES('24-VE-001', 'Vela24', 'Vela', 24);

-- Frota 25
INSERT INTO Embarcacao VALUES('25-GA-001', 'Gaivota25', 'Gaivota', 25);
INSERT INTO Embarcacao VALUES('25-MO-001', 'Motor25', 'Motor', 25);
INSERT INTO Embarcacao VALUES('25-RE-001', 'Remos25', 'Remos', 25);
INSERT INTO Embarcacao VALUES('25-VE-001', 'Vela25', 'Vela', 25);

-- Frota 26
INSERT INTO Embarcacao VALUES('26-GA-001', 'Gaivota26', 'Gaivota', 26);
INSERT INTO Embarcacao VALUES('26-MO-001', 'Motor26', 'Motor', 26);
INSERT INTO Embarcacao VALUES('26-RE-001', 'Remos26', 'Remos', 26);
INSERT INTO Embarcacao VALUES('26-VE-001', 'Vela26', 'Vela', 26);

-- Frota 27
INSERT INTO Embarcacao VALUES('27-GA-001', 'Gaivota27', 'Gaivota', 27);
INSERT INTO Embarcacao VALUES('27-MO-001', 'Motor27', 'Motor', 27);
INSERT INTO Embarcacao VALUES('27-RE-001', 'Remos27', 'Remos', 27);
INSERT INTO Embarcacao VALUES('27-VE-001', 'Vela27', 'Vela', 27);

-- Frota 28
INSERT INTO Embarcacao VALUES('28-GA-001', 'Gaivota28', 'Gaivota', 28);
INSERT INTO Embarcacao VALUES('28-MO-001', 'Motor28', 'Motor', 28);
INSERT INTO Embarcacao VALUES('28-RE-001', 'Remos28', 'Remos', 28);
INSERT INTO Embarcacao VALUES('28-VE-001', 'Vela28', 'Vela', 28);

-- Frota 29
INSERT INTO Embarcacao VALUES('29-GA-001', 'Gaivota29', 'Gaivota', 29);
INSERT INTO Embarcacao VALUES('29-MO-001', 'Motor29', 'Motor', 29);
INSERT INTO Embarcacao VALUES('29-RE-001', 'Remos29', 'Remos', 29);
INSERT INTO Embarcacao VALUES('29-VE-001', 'Vela29', 'Vela', 29);

-- Frota 30
INSERT INTO Embarcacao VALUES('30-GA-001', 'Gaivota30', 'Gaivota', 30);
INSERT INTO Embarcacao VALUES('30-MO-001', 'Motor30', 'Motor', 30);
INSERT INTO Embarcacao VALUES('30-RE-001', 'Remos30', 'Remos', 30);
INSERT INTO Embarcacao VALUES('30-VE-001', 'Vela30', 'Vela', 30);

-- Inserções para a Tabela Artefacto
INSERT INTO Artefacto VALUES(1, 'Ski', 30);
INSERT INTO Artefacto VALUES(2, 'Mota de água', 75);
INSERT INTO Artefacto VALUES(3, 'Canoa', 40);
INSERT INTO Artefacto VALUES(4, 'Frigorífico', 65);
INSERT INTO Artefacto VALUES(5, 'Ski', 35);
INSERT INTO Artefacto VALUES(6, 'Mota de água', 70);
INSERT INTO Artefacto VALUES(7, 'Canoa', 45);
INSERT INTO Artefacto VALUES(8, 'Frigorífico', 60);
INSERT INTO Artefacto VALUES(9, 'Ski', 50);
INSERT INTO Artefacto VALUES(10, 'Mota de água', 80);
INSERT INTO Artefacto VALUES(11, 'Canoa', 35);
INSERT INTO Artefacto VALUES(12, 'Frigorífico', 55);
INSERT INTO Artefacto VALUES(13, 'Ski', 40);
INSERT INTO Artefacto VALUES(14, 'Mota de água', 75);
INSERT INTO Artefacto VALUES(15, 'Canoa', 50);
INSERT INTO Artefacto VALUES(16, 'Frigorífico', 65);
INSERT INTO Artefacto VALUES(17, 'Ski', 30);
INSERT INTO Artefacto VALUES(18, 'Mota de água', 60);
INSERT INTO Artefacto VALUES(19, 'Canoa', 45);
INSERT INTO Artefacto VALUES(20, 'Frigorífico', 70);
INSERT INTO Artefacto VALUES(21, 'Ski', 35);
INSERT INTO Artefacto VALUES(22, 'Mota de água', 65);
INSERT INTO Artefacto VALUES(23, 'Canoa', 50);
INSERT INTO Artefacto VALUES(24, 'Frigorífico', 75);
INSERT INTO Artefacto VALUES(25, 'Ski', 55);
INSERT INTO Artefacto VALUES(26, 'Mota de água', 70);
INSERT INTO Artefacto VALUES(27, 'Canoa', 60);
INSERT INTO Artefacto VALUES(28, 'Frigorífico', 80);
INSERT INTO Artefacto VALUES(29, 'Ski', 45);
INSERT INTO Artefacto VALUES(30, 'Mota de água', 50);

--Inserts da reserva
INSERT INTO Reserva VALUES(1, '1-MO-001', '2016-05-24', '2016-05-28', '123456789', '363784989');
INSERT INTO Reserva VALUES(2, '1-MO-001', '2016-06-01', '2016-06-03', '388159795', '363784989');
INSERT INTO Reserva VALUES(3, '1-MO-001', '2016-06-13', '2016-06-16', '186067311', '363784989');
INSERT INTO Reserva VALUES(4, '2-VE-001', '2016-06-01', '2016-06-05', '123456789', '363784992');
INSERT INTO Reserva VALUES(5, '2-VE-001', '2016-07-01', '2016-07-02', '207511995', '363784992');
INSERT INTO Reserva VALUES(6, '2-VE-001', '2016-07-02', '2016-07-03', '301286967', '363784992');
INSERT INTO Reserva VALUES(7, '2-VE-001', '2016-07-03', '2016-07-04', '004221182', '363784992');
INSERT INTO Reserva VALUES(8, '2-VE-001', '2016-07-04', '2016-07-05', '133313027', '363784992');
INSERT INTO Reserva VALUES(9, '2-VE-001', '2016-07-05', '2016-07-06', '816046347', '363784992');
INSERT INTO Reserva VALUES(10, '2-VE-001', '2016-07-06', '2016-07-07', '343781818', '363784992');
INSERT INTO Reserva VALUES(11, '2-VE-001', '2016-07-07', '2016-07-08', '711200030', '363784992');
INSERT INTO Reserva VALUES(12, '2-VE-001', '2016-07-08', '2016-07-09', '378063581', '363784992');
INSERT INTO Reserva VALUES(13, '2-VE-001', '2016-07-09', '2016-07-10', '165699226', '363784992');
INSERT INTO Reserva VALUES(14, '2-VE-001', '2016-07-10', '2016-07-11', '680244098', '363784992');
INSERT INTO Reserva VALUES(15, '2-VE-001', '2016-07-11', '2016-07-12', '514394036', '363784992');
INSERT INTO Reserva VALUES(16, '2-VE-001', '2016-07-12', '2016-07-13', '346409304', '363784992');
INSERT INTO Reserva VALUES(17, '2-VE-001', '2016-07-13', '2016-07-14', '930766405', '363784992');
INSERT INTO Reserva VALUES(18, '2-VE-001', '2016-07-14', '2016-07-15', '460868275', '363784992');
INSERT INTO Reserva VALUES(19, '2-VE-001', '2016-07-15', '2016-07-16', '698925581', '363784992');
INSERT INTO Reserva VALUES(20, '2-VE-001', '2016-07-16', '2016-07-17', '133313027', '363784992');
INSERT INTO Reserva VALUES(21, '2-VE-001', '2016-07-17', '2016-07-18', '128956789', '363784992');
INSERT INTO Reserva VALUES(22, '2-VE-001', '2016-07-18', '2016-07-19', '004221182', '363784992');
INSERT INTO Reserva VALUES(23, '2-VE-001', '2016-07-19', '2016-07-20', '350225540', '363784992');
INSERT INTO Reserva VALUES(24, '2-VE-001', '2016-07-20', '2016-07-21', '318272510', '363784992');
INSERT INTO Reserva VALUES(25, '2-VE-001', '2016-07-21', '2016-07-22', '350225540', '363784992');
INSERT INTO Reserva VALUES(26, '2-VE-001', '2016-07-22', '2016-07-23', '123456789', '363784992');
INSERT INTO Reserva VALUES(27, '2-VE-001', '2016-07-23', '2016-07-24', '513317199', '363784992');
INSERT INTO Reserva VALUES(28, '2-VE-001', '2016-07-24', '2016-07-25', '378063581', '363784992');
INSERT INTO Reserva VALUES(29, '2-VE-001', '2016-07-25', '2016-07-26', '698925581', '363784992');
INSERT INTO Reserva VALUES(30, '2-VE-001', '2016-07-26', '2016-07-27', '133313027', '363784992');
INSERT INTO Reserva VALUES(31, '5-VE-001', '2017-07-26', '2017-07-30', '123456789', '363785001');

-- Inserts da tabela atividade

INSERT INTO Atividade VALUES(1, '123', '2022-12-21', 'Pesca Desportiva', 'Atividade de pesca em alto mar', 10, 50.00);
INSERT INTO Atividade VALUES(2, '135', '2016-01-05', 'Passeio Turístico', 'Passeio guiado pelos pontos turísticos da região', 20, 30.00);
INSERT INTO Atividade VALUES(3, '142', '2018-12-10', 'Mergulho Recreativo', 'Mergulho em águas cristalinas com monitores especializados', 8, 80.00);
INSERT INTO Atividade VALUES(4, '123', '2020-12-15', 'Aula de Navegação', 'Introdução à navegação e uso de equipamentos náuticos', 15, 40.00);
INSERT INTO Atividade VALUES(5, '125', '2017-12-20', 'Corrida de Barcos', 'Competição amigável de barcos para grupos', 12, 25.00);
INSERT INTO Atividade VALUES(6, '150', '2010-12-25', 'Pôr do Sol em Alto Mar', 'Passeio especial para assistir ao pôr do sol no mar', 15, 60.00);
INSERT INTO Atividade VALUES(7, '152', '2015-12-31', 'Festa de Réveillon', 'Celebração de Ano Novo com queima de fogos em barcos', 30, 150.00);
INSERT INTO Atividade VALUES(8, '140', '2019-01-28', 'Observação de Golfinhos', 'Saída para observar golfinhos em seu habitat natural', 20, 70.00);
INSERT INTO Atividade VALUES(9, '130', '2013-01-11', 'Treinamento de Sobrevivência', 'Aula prática de sobrevivência em mar aberto', 10, 100.00);
INSERT INTO Atividade VALUES(10, '145', '2009-12-07', 'Fotografia Náutica', 'Atividade focada em capturar imagens únicas no mar', 12, 50.00);
INSERT INTO Atividade VALUES(11, '133', '2016-12-07', 'Caça ao Tesouro Marítima', 'Uma experiência divertida de caça ao tesouro em grupo', 25, 40.00);
INSERT INTO Atividade VALUES(12, '143', '2012-12-12', 'Workshop de Velas', 'Aula prática sobre a arte de controlar barcos à vela', 8, 90.00);
INSERT INTO Atividade VALUES(13, '144', '2023-12-14', 'Passeio Gastronômico no Mar', 'Experiência com culinária típica servida em alto-mar', 20, 120.00);
INSERT INTO Atividade VALUES(14, '150', '2022-12-20', 'Navegação Noturna', 'Navegação sob o céu estrelado com guias especializados', 12, 75.00);
INSERT INTO Atividade VALUES(15, '139', '2024-01-05', 'Expedição Marinha', 'Exploração de áreas marítimas com guia especializado', 12, 110.00);
INSERT INTO Atividade VALUES(16, '129', '2010-01-10', 'Curso de Primeiros Socorros Marítimos', 'Curso básico de primeiros socorros no mar', 15, 80.00);
INSERT INTO Atividade VALUES(17, '149', '2016-01-15', 'Canoagem Aventura', 'Atividade de canoagem com foco em aventura e trabalho em equipe', 10, 60.00);
INSERT INTO Atividade VALUES(18, '140', '2002-01-20', 'Exploração Subaquática', 'Mergulho com equipamentos especializados', 8, 120.00);
INSERT INTO Atividade VALUES(19, '130', '2007-02-05', 'Aula de Navegação Avançada', 'Curso de técnicas avançadas de navegação', 15, 95.00);
INSERT INTO Atividade VALUES(20, '145', '2016-02-18', 'Passeio Cultural Marítimo', 'Visita a locais históricos pelo mar', 20, 50.00);
INSERT INTO Atividade VALUES(21, '152', '2017-03-10', 'Yoga no Mar', 'Sessão de yoga em uma embarcação tranquila', 10, 40.00);
INSERT INTO Atividade VALUES(22, '125', '2018-03-25', 'Workshop de Manutenção de Barcos', 'Curso prático sobre manutenção básica de barcos', 12, 85.00);
INSERT INTO Atividade VALUES(23, '150', '2023-04-01', 'Aula de Pesca para Iniciantes', 'Introdução à pesca com equipamentos simples', 10, 30.00);
INSERT INTO Atividade VALUES(24, '123', '2014-04-15', 'Navegação de Aventura', 'Exploração de rotas desafiadoras no mar', 12, 100.00);
INSERT INTO Atividade VALUES(25, '135', '2016-05-05', 'Piquenique Náutico', 'Passeio com lanche incluso em barco', 15, 60.00);
INSERT INTO Atividade VALUES(26, '142', '2012-05-20', 'Passeio ao Pôr do Sol', 'Navegação tranquila ao entardecer', 20, 75.00);
INSERT INTO Atividade VALUES(27, '144', '2013-06-10', 'Regata Amadora', 'Competição de vela para iniciantes', 18, 50.00);
INSERT INTO Atividade VALUES(28, '129', '2015-06-25', 'Exploração de Ilhas', 'Visita guiada a ilhas próximas', 20, 80.00);
INSERT INTO Atividade VALUES(29, '139', '2016-07-05', 'Corrida de Jet Ski', 'Competição em jet ski para participantes habilitados', 10, 100.00);
INSERT INTO Atividade VALUES(30, '143', '2017-07-20', 'Atividade de Mergulho Livre', 'Mergulho sem equipamentos com orientação', 12, 50.00);
INSERT INTO Atividade VALUES(31, '130', '2014-08-10', 'Canoagem Recreativa', 'Passeio de canoa em águas calmas', 15, 35.00);
INSERT INTO Atividade VALUES(32, '125', '2022-08-25', 'Curso de Construção de Barcos', 'Aula prática sobre técnicas de construção naval', 8, 120.00);
INSERT INTO Atividade VALUES(33, '152', '2021-09-05', 'Caça Submarina', 'Exploração com caça esportiva submersa', 6, 150.00);
INSERT INTO Atividade VALUES(34, '140', '2015-09-20', 'Workshop de Fotografia Subaquática', 'Curso para capturar fotos incríveis no fundo do mar', 10, 90.00);
INSERT INTO Atividade VALUES(35, '123', '2016-10-05', 'Passeio Noturno', 'Navegação noturna para observação das estrelas', 12, 70.00);
INSERT INTO Atividade VALUES(36, '129', '2017-10-20', 'Pesca Esportiva Noturna', 'Pesca noturna em alto-mar', 10, 85.00);
INSERT INTO Atividade VALUES(37, '133', '2019-11-10', 'Cruzeiro Gastronômico', 'Passeio com degustação de pratos típicos', 25, 120.00);
INSERT INTO Atividade VALUES(38, '139', '2021-11-25', 'Trilha Marítima', 'Exploração de áreas com paradas para natação', 18, 80.00);
INSERT INTO Atividade VALUES(39, '144', '2022-12-05', 'Curso de Mergulho Avançado', 'Treinamento para mergulhadores com experiência', 8, 140.00);
INSERT INTO Atividade VALUES(40, '135', '2023-12-20', 'Passeio de Natal no Mar', 'Atividade especial com temática natalina', 15, 90.00);
INSERT INTO Atividade VALUES(41, '150', '2024-01-12', 'Curso de Navegação Noturna', 'Treinamento para navegação em condições de baixa luz', 10, 100.00);
INSERT INTO Atividade VALUES(42, '125', '2025-02-08', 'Sessão de Pesca com Guia', 'Pesca acompanhada por especialistas', 12, 50.00);
INSERT INTO Atividade VALUES(43, '129', '2012-03-15', 'Corrida de Barcos à Vela', 'Competição recreativa de barcos à vela', 15, 70.00);
INSERT INTO Atividade VALUES(44, '123', '2016-04-20', 'Passeio Educativo', 'Exploração marítima com foco educacional', 20, 30.00);
INSERT INTO Atividade VALUES(45, '140', '2017-05-25', 'Aventura Náutica', 'Exploração com desafios no mar', 12, 110.00);
INSERT INTO Atividade VALUES(46, '152', '2018-06-15', 'Curso de Salvamento Aquático', 'Treinamento para resgate em ambientes aquáticos', 8, 130.00);
INSERT INTO Atividade VALUES(47, '135', '2007-07-20', 'Passeio com Observação de Pássaros', 'Atividade focada em avistar aves marinhas', 18, 40.00);

-- Update das datas das atividades

UPDATE Atividade SET data = '2022-12-21'WHERE cod = 1;
UPDATE Atividade SET data = '2016-01-05'WHERE cod = 2;
UPDATE Atividade SET data = '2018-12-10'WHERE cod = 3;
UPDATE Atividade SET data = '2020-12-15'WHERE cod = 4;
UPDATE Atividade SET data = '2017-12-20'WHERE cod = 5;
UPDATE Atividade SET data = '2010-12-25'WHERE cod = 6;
UPDATE Atividade SET data = '2015-12-31'WHERE cod = 7;
UPDATE Atividade SET data = '2019-01-28'WHERE cod = 8;  
UPDATE Atividade SET data = '2013-01-11'WHERE cod = 9;
UPDATE Atividade SET data = '2009-12-07'WHERE cod = 10;
UPDATE Atividade SET data = '2016-12-07'WHERE cod = 11;
UPDATE Atividade SET data = '2012-12-12'WHERE cod = 12;
UPDATE Atividade SET data = '2023-12-14'WHERE cod = 13;
UPDATE Atividade SET data = '2022-12-20'WHERE cod = 14; 
UPDATE Atividade SET data = '2024-01-05'WHERE cod = 15;
UPDATE Atividade SET data = '2010-01-10'WHERE cod = 16;
UPDATE Atividade SET data = '2016-01-15'WHERE cod = 17; 
UPDATE Atividade SET data = '2002-01-20'WHERE cod = 18;
UPDATE Atividade SET data = '2007-02-05'WHERE cod = 19;
UPDATE Atividade SET data = '2016-02-18'WHERE cod = 20;
UPDATE Atividade SET data = '2017-03-10'WHERE cod = 21;
UPDATE Atividade SET data = '2018-03-25'WHERE cod = 22;
UPDATE Atividade SET data = '2023-04-01'WHERE cod = 23;
UPDATE Atividade SET data = '2014-04-15'WHERE cod = 24;
UPDATE Atividade SET data = '2016-05-05'WHERE cod = 25;
UPDATE Atividade SET data = '2012-05-20'WHERE cod = 26;
UPDATE Atividade SET data = '2013-06-10'WHERE cod = 27;
UPDATE Atividade SET data = '2015-06-25'WHERE cod = 28;
UPDATE Atividade SET data = '2016-07-05'WHERE cod = 29;
UPDATE Atividade SET data = '2017-07-20'WHERE cod = 30;
UPDATE Atividade SET data = '2014-08-10'WHERE cod = 31;
UPDATE Atividade SET data = '2022-08-25'WHERE cod = 32;
UPDATE Atividade SET data = '2021-09-05'WHERE cod = 33;
UPDATE Atividade SET data = '2015-09-20'WHERE cod = 34;
UPDATE Atividade SET data = '2016-10-05'WHERE cod = 35;
UPDATE Atividade SET data = '2017-10-20'WHERE cod = 36;
UPDATE Atividade SET data = '2019-11-10'WHERE cod = 37;
UPDATE Atividade SET data = '2021-11-25'WHERE cod = 38;
UPDATE Atividade SET data = '2022-12-05'WHERE cod = 39;
UPDATE Atividade SET data = '2023-12-20'WHERE cod = 40;
UPDATE Atividade SET data = '2024-01-12'WHERE cod = 41;
UPDATE Atividade SET data = '2016-09-28'WHERE cod = 42;
UPDATE Atividade SET data = '2016-09-28'WHERE cod = 43;
UPDATE Atividade SET data = '2016-09-20'WHERE cod = 44;
UPDATE Atividade SET data = '2016-09-22'WHERE cod = 45;
UPDATE Atividade SET data = '2016-07-15'WHERE cod = 46;
UPDATE Atividade SET data = '2007-07-20'WHERE cod = 47;



-- Inserts da tabela Atividade_Embarcação

INSERT INTO AtividadeEmbarcacao VALUES(1, '1-GA-001');
INSERT INTO AtividadeEmbarcacao VALUES(2, '11-MO-001');
INSERT INTO AtividadeEmbarcacao VALUES(3, '16-RE-001');
INSERT INTO AtividadeEmbarcacao VALUES(4, '18-VE-001');

INSERT INTO AtividadeEmbarcacao VALUES(5, '2-GA-001');
INSERT INTO AtividadeEmbarcacao VALUES(6, '22-MO-001');
INSERT INTO AtividadeEmbarcacao VALUES(7, '25-RE-001');
INSERT INTO AtividadeEmbarcacao VALUES(8, '29-VE-001');

INSERT INTO AtividadeEmbarcacao VALUES(9, '3-GA-001');
INSERT INTO AtividadeEmbarcacao VALUES(10, '30-MO-001');
INSERT INTO AtividadeEmbarcacao VALUES(11, '13-RE-001');
INSERT INTO AtividadeEmbarcacao VALUES(12, '23-VE-001');

INSERT INTO AtividadeEmbarcacao VALUES(13, '4-GA-001');
INSERT INTO AtividadeEmbarcacao VALUES(14, '14-MO-001');
INSERT INTO AtividadeEmbarcacao VALUES(15, '24-RE-001');
INSERT INTO AtividadeEmbarcacao VALUES(16, '4-VE-001');

INSERT INTO AtividadeEmbarcacao VALUES(17, '5-GA-001');
INSERT INTO AtividadeEmbarcacao VALUES(18, '15-MO-001');
INSERT INTO AtividadeEmbarcacao VALUES(19, '25-RE-001');
INSERT INTO AtividadeEmbarcacao VALUES(20, '5-VE-001');

INSERT INTO AtividadeEmbarcacao VALUES(21, '6-GA-001');
INSERT INTO AtividadeEmbarcacao VALUES(22, '16-MO-001');
INSERT INTO AtividadeEmbarcacao VALUES(23, '26-RE-001');
INSERT INTO AtividadeEmbarcacao VALUES(24, '29-VE-001');

INSERT INTO AtividadeEmbarcacao VALUES(25, '7-GA-001');
INSERT INTO AtividadeEmbarcacao VALUES(26, '17-MO-001');
INSERT INTO AtividadeEmbarcacao VALUES(27, '16-RE-001');
INSERT INTO AtividadeEmbarcacao VALUES(28, '25-VE-001');

INSERT INTO AtividadeEmbarcacao VALUES(29, '8-GA-001');
INSERT INTO AtividadeEmbarcacao VALUES(30, '18-MO-001');
INSERT INTO AtividadeEmbarcacao VALUES(31, '28-RE-001');
INSERT INTO AtividadeEmbarcacao VALUES(32, '23-VE-001');

INSERT INTO AtividadeEmbarcacao VALUES(33, '9-GA-001');
INSERT INTO AtividadeEmbarcacao VALUES(34, '19-MO-001');
INSERT INTO AtividadeEmbarcacao VALUES(35, '29-RE-001');
INSERT INTO AtividadeEmbarcacao VALUES(36, '30-VE-001');

INSERT INTO AtividadeEmbarcacao VALUES(37, '10-GA-001');
INSERT INTO AtividadeEmbarcacao VALUES(38, '17-MO-001');
INSERT INTO AtividadeEmbarcacao VALUES(39, '27-RE-001');
INSERT INTO AtividadeEmbarcacao VALUES(40, '29-VE-001');

INSERT INTO AtividadeEmbarcacao VALUES(41, '11-GA-001');
INSERT INTO AtividadeEmbarcacao VALUES(42, '15-MO-001');
INSERT INTO AtividadeEmbarcacao VALUES(43, '21-RE-001');
INSERT INTO AtividadeEmbarcacao VALUES(44, '7-VE-001');

INSERT INTO AtividadeEmbarcacao VALUES(45, '22-GA-001');
INSERT INTO AtividadeEmbarcacao VALUES(46, '30-MO-001');
INSERT INTO AtividadeEmbarcacao VALUES(47, '25-RE-001');

-- Inserts tabela Atividade_Funcionários

INSERT INTO AtividadeFuncionarios VALUES(1, '363784987');
INSERT INTO AtividadeFuncionarios VALUES(1, '363784988');
INSERT INTO AtividadeFuncionarios VALUES(2, '363785024');
INSERT INTO AtividadeFuncionarios VALUES(3, '363785044');
INSERT INTO AtividadeFuncionarios VALUES(3, '363785045');
INSERT INTO AtividadeFuncionarios VALUES(4, '363784989');
INSERT INTO AtividadeFuncionarios VALUES(5, '363784994');
INSERT INTO AtividadeFuncionarios VALUES(6, '363785068');
INSERT INTO AtividadeFuncionarios VALUES(7, '363785074');
INSERT INTO AtividadeFuncionarios VALUES(7, '363785075');
INSERT INTO AtividadeFuncionarios VALUES(8, '363785038');
INSERT INTO AtividadeFuncionarios VALUES(9, '363785009');
INSERT INTO AtividadeFuncionarios VALUES(9, '363785008');
INSERT INTO AtividadeFuncionarios VALUES(10, '363785053');

INSERT INTO AtividadeFuncionarios VALUES(11, '363785017');
INSERT INTO AtividadeFuncionarios VALUES(11, '366666666');
INSERT INTO AtividadeFuncionarios VALUES(11, '363785018');
INSERT INTO AtividadeFuncionarios VALUES(12, '363785047');
INSERT INTO AtividadeFuncionarios VALUES(12, '363785048');
INSERT INTO AtividadeFuncionarios VALUES(13, '363785050');
INSERT INTO AtividadeFuncionarios VALUES(13, '363785051');
INSERT INTO AtividadeFuncionarios VALUES(14, '363785069');
INSERT INTO AtividadeFuncionarios VALUES(15, '363785036');
INSERT INTO AtividadeFuncionarios VALUES(16, '363785006');
INSERT INTO AtividadeFuncionarios VALUES(16, '363785005');
INSERT INTO AtividadeFuncionarios VALUES(17, '363785065');
INSERT INTO AtividadeFuncionarios VALUES(17, '363785066');
INSERT INTO AtividadeFuncionarios VALUES(18, '363785039');
INSERT INTO AtividadeFuncionarios VALUES(18, '363785038');
INSERT INTO AtividadeFuncionarios VALUES(19, '363785008');
INSERT INTO AtividadeFuncionarios VALUES(19, '363785009');
INSERT INTO AtividadeFuncionarios VALUES(20, '363785053');
INSERT INTO AtividadeFuncionarios VALUES(20, '363785054');

INSERT INTO AtividadeFuncionarios VALUES(21, '363785074');
INSERT INTO AtividadeFuncionarios VALUES(22, '363784993');
INSERT INTO AtividadeFuncionarios VALUES(23, '363785069');
INSERT INTO AtividadeFuncionarios VALUES(24, '363784987');
INSERT INTO AtividadeFuncionarios VALUES(24, '363784988');
INSERT INTO AtividadeFuncionarios VALUES(25, '363785024');
INSERT INTO AtividadeFuncionarios VALUES(26, '363785044');
INSERT INTO AtividadeFuncionarios VALUES(27, '363785050');
INSERT INTO AtividadeFuncionarios VALUES(27, '363785051');
INSERT INTO AtividadeFuncionarios VALUES(28, '363785005');
INSERT INTO AtividadeFuncionarios VALUES(29, '363785036');
INSERT INTO AtividadeFuncionarios VALUES(29, '363785035');
INSERT INTO AtividadeFuncionarios VALUES(30, '363785047');
INSERT INTO AtividadeFuncionarios VALUES(30, '363785048');

INSERT INTO AtividadeFuncionarios VALUES(31, '363785009');
INSERT INTO AtividadeFuncionarios VALUES(32, '363784993');
INSERT INTO AtividadeFuncionarios VALUES(32, '363784994');
INSERT INTO AtividadeFuncionarios VALUES(33, '363785074');
INSERT INTO AtividadeFuncionarios VALUES(33, '363785075');
INSERT INTO AtividadeFuncionarios VALUES(34, '363785039');
INSERT INTO AtividadeFuncionarios VALUES(35, '363784988');
INSERT INTO AtividadeFuncionarios VALUES(35, '363784987');
INSERT INTO AtividadeFuncionarios VALUES(36, '363785005');
INSERT INTO AtividadeFuncionarios VALUES(36, '363785006');
INSERT INTO AtividadeFuncionarios VALUES(37, '363785017');
INSERT INTO AtividadeFuncionarios VALUES(37, '363785018');
INSERT INTO AtividadeFuncionarios VALUES(38, '363785035');
INSERT INTO AtividadeFuncionarios VALUES(38, '363785036');
INSERT INTO AtividadeFuncionarios VALUES(39, '363785051');
INSERT INTO AtividadeFuncionarios VALUES(39, '363785050');
INSERT INTO AtividadeFuncionarios VALUES(40, '363785024');
INSERT INTO AtividadeFuncionarios VALUES(40, '363785023');

INSERT INTO AtividadeFuncionarios VALUES(41, '363785068');
INSERT INTO AtividadeFuncionarios VALUES(41, '363785069');
INSERT INTO AtividadeFuncionarios VALUES(42, '363784993');
INSERT INTO AtividadeFuncionarios VALUES(42, '363784994');
INSERT INTO AtividadeFuncionarios VALUES(43, '363785006');
INSERT INTO AtividadeFuncionarios VALUES(43, '363785005');
INSERT INTO AtividadeFuncionarios VALUES(44, '363784988');
INSERT INTO AtividadeFuncionarios VALUES(44, '363784987');
INSERT INTO AtividadeFuncionarios VALUES(45, '363785039');
INSERT INTO AtividadeFuncionarios VALUES(45, '363785038');
INSERT INTO AtividadeFuncionarios VALUES(46, '363785075');
INSERT INTO AtividadeFuncionarios VALUES(46, '363785076');
INSERT INTO AtividadeFuncionarios VALUES(47, '363785023');

-- Inserts da tabela Cliente_Atividade

INSERT INTO ClienteAtividade VALUES(1, '123456789');
INSERT INTO ClienteAtividade VALUES(1, '388159795');
INSERT INTO ClienteAtividade VALUES(1, '186067311');
INSERT INTO ClienteAtividade VALUES(1, '207511995');
INSERT INTO ClienteAtividade VALUES(1, '359326391');

INSERT INTO ClienteAtividade VALUES(2, '123456789');
INSERT INTO ClienteAtividade VALUES(2, '388159795');
INSERT INTO ClienteAtividade VALUES(2, '186067311');
INSERT INTO ClienteAtividade VALUES(2, '207511995');
INSERT INTO ClienteAtividade VALUES(2, '359326391');
INSERT INTO ClienteAtividade VALUES(2, '460868275');
INSERT INTO ClienteAtividade VALUES(2, '165699226');
INSERT INTO ClienteAtividade VALUES(2, '318272510');
INSERT INTO ClienteAtividade VALUES(2, '004221182');
INSERT INTO ClienteAtividade VALUES(2, '128956789');
INSERT INTO ClienteAtividade VALUES(2, '239220318');
INSERT INTO ClienteAtividade VALUES(2, '513317199');
INSERT INTO ClienteAtividade VALUES(2, '576749267');
INSERT INTO ClienteAtividade VALUES(2, '378063581');
INSERT INTO ClienteAtividade VALUES(2, '918063606');
INSERT INTO ClienteAtividade VALUES(2, '816046347');
INSERT INTO ClienteAtividade VALUES(2, '133313027');
INSERT INTO ClienteAtividade VALUES(2, '698925581');
INSERT INTO ClienteAtividade VALUES(2, '680244098');
INSERT INTO ClienteAtividade VALUES(2, '163915478');

INSERT INTO ClienteAtividade VALUES(3, '163915478');
INSERT INTO ClienteAtividade VALUES(3, '816046347');
INSERT INTO ClienteAtividade VALUES(3, '133313027');
INSERT INTO ClienteAtividade VALUES(3, '318272510');
INSERT INTO ClienteAtividade VALUES(3, '004221182');

INSERT INTO ClienteAtividade VALUES(4, '123456789');
INSERT INTO ClienteAtividade VALUES(4, '318272510');
INSERT INTO ClienteAtividade VALUES(4, '918063606');
INSERT INTO ClienteAtividade VALUES(4, '099339688');
INSERT INTO ClienteAtividade VALUES(4, '892654807');
INSERT INTO ClienteAtividade VALUES(4, '711200030');
INSERT INTO ClienteAtividade VALUES(4, '359326391');
INSERT INTO ClienteAtividade VALUES(4, '133313027');
INSERT INTO ClienteAtividade VALUES(4, '514394036');

INSERT INTO ClienteAtividade VALUES(5, '004221182');
INSERT INTO ClienteAtividade VALUES(5, '128956789');
INSERT INTO ClienteAtividade VALUES(5, '239220318');
INSERT INTO ClienteAtividade VALUES(5, '513317199');
INSERT INTO ClienteAtividade VALUES(5, '576749267');
INSERT INTO ClienteAtividade VALUES(5, '378063581');
INSERT INTO ClienteAtividade VALUES(5, '918063606');
INSERT INTO ClienteAtividade VALUES(5, '816046347');
INSERT INTO ClienteAtividade VALUES(5, '133313027');
INSERT INTO ClienteAtividade VALUES(5, '698925581');
INSERT INTO ClienteAtividade VALUES(5, '680244098');
INSERT INTO ClienteAtividade VALUES(5, '163915478');

INSERT INTO ClienteAtividade VALUES(6, '698925581');
INSERT INTO ClienteAtividade VALUES(6, '680244098');
INSERT INTO ClienteAtividade VALUES(6, '460868275');
INSERT INTO ClienteAtividade VALUES(6, '165699226');
INSERT INTO ClienteAtividade VALUES(6, '128956789');
INSERT INTO ClienteAtividade VALUES(6, '239220318');
INSERT INTO ClienteAtividade VALUES(6, '816046347');
INSERT INTO ClienteAtividade VALUES(6, '133313027');

INSERT INTO ClienteAtividade VALUES(7, '123456789');
INSERT INTO ClienteAtividade VALUES(7, '388159795');
INSERT INTO ClienteAtividade VALUES(7, '186067311');
INSERT INTO ClienteAtividade VALUES(7, '207511995');
INSERT INTO ClienteAtividade VALUES(7, '359326391');
INSERT INTO ClienteAtividade VALUES(7, '460868275');
INSERT INTO ClienteAtividade VALUES(7, '165699226');
INSERT INTO ClienteAtividade VALUES(7, '318272510');
INSERT INTO ClienteAtividade VALUES(7, '004221182');
INSERT INTO ClienteAtividade VALUES(7, '128956789');
INSERT INTO ClienteAtividade VALUES(7, '239220318');
INSERT INTO ClienteAtividade VALUES(7, '513317199');
INSERT INTO ClienteAtividade VALUES(7, '576749267');
INSERT INTO ClienteAtividade VALUES(7, '378063581');
INSERT INTO ClienteAtividade VALUES(7, '918063606');
INSERT INTO ClienteAtividade VALUES(7, '816046347');
INSERT INTO ClienteAtividade VALUES(7, '133313027');
INSERT INTO ClienteAtividade VALUES(7, '698925581');
INSERT INTO ClienteAtividade VALUES(7, '680244098');
INSERT INTO ClienteAtividade VALUES(7, '163915478');
INSERT INTO ClienteAtividade VALUES(7, '346409304');
INSERT INTO ClienteAtividade VALUES(7, '099339688');
INSERT INTO ClienteAtividade VALUES(7, '217526761');
INSERT INTO ClienteAtividade VALUES(7, '514394036');
INSERT INTO ClienteAtividade VALUES(7, '892654807');

INSERT INTO ClienteAtividade VALUES(8, '239220318');
INSERT INTO ClienteAtividade VALUES(8, '513317199');
INSERT INTO ClienteAtividade VALUES(8, '576749267');
INSERT INTO ClienteAtividade VALUES(8, '378063581');
INSERT INTO ClienteAtividade VALUES(8, '918063606');
INSERT INTO ClienteAtividade VALUES(8, '816046347');
INSERT INTO ClienteAtividade VALUES(8, '133313027');
INSERT INTO ClienteAtividade VALUES(8, '698925581');
INSERT INTO ClienteAtividade VALUES(8, '680244098');
INSERT INTO ClienteAtividade VALUES(8, '163915478');
INSERT INTO ClienteAtividade VALUES(8, '346409304');
INSERT INTO ClienteAtividade VALUES(8, '099339688');
INSERT INTO ClienteAtividade VALUES(8, '217526761');
INSERT INTO ClienteAtividade VALUES(8, '514394036');
INSERT INTO ClienteAtividade VALUES(8, '892654807');

INSERT INTO ClienteAtividade VALUES(9, '207511995');
INSERT INTO ClienteAtividade VALUES(9, '359326391');
INSERT INTO ClienteAtividade VALUES(9, '460868275');
INSERT INTO ClienteAtividade VALUES(9, '165699226');
INSERT INTO ClienteAtividade VALUES(9, '318272510');
INSERT INTO ClienteAtividade VALUES(9, '004221182');
INSERT INTO ClienteAtividade VALUES(9, '128956789');
INSERT INTO ClienteAtividade VALUES(9, '239220318');

INSERT INTO ClienteAtividade VALUES(10, '892654807');
INSERT INTO ClienteAtividade VALUES(10, '350225540');
INSERT INTO ClienteAtividade VALUES(10, '301286967');
INSERT INTO ClienteAtividade VALUES(10, '930766405');
INSERT INTO ClienteAtividade VALUES(10, '343781818');
INSERT INTO ClienteAtividade VALUES(10, '711200030');
INSERT INTO ClienteAtividade VALUES(10, '128956789');
INSERT INTO ClienteAtividade VALUES(10, '239220318');

INSERT INTO ClienteAtividade VALUES(11, '123456789');
INSERT INTO ClienteAtividade VALUES(11, '388159795');
INSERT INTO ClienteAtividade VALUES(11, '186067311');
INSERT INTO ClienteAtividade VALUES(11, '207511995');
INSERT INTO ClienteAtividade VALUES(11, '359326391');
INSERT INTO ClienteAtividade VALUES(11, '460868275');
INSERT INTO ClienteAtividade VALUES(11, '165699226');
INSERT INTO ClienteAtividade VALUES(11, '318272510');
INSERT INTO ClienteAtividade VALUES(11, '004221182');
INSERT INTO ClienteAtividade VALUES(11, '128956789');
INSERT INTO ClienteAtividade VALUES(11, '239220318');
INSERT INTO ClienteAtividade VALUES(11, '513317199');
INSERT INTO ClienteAtividade VALUES(11, '576749267');
INSERT INTO ClienteAtividade VALUES(11, '378063581');
INSERT INTO ClienteAtividade VALUES(11, '918063606');
INSERT INTO ClienteAtividade VALUES(11, '816046347');
INSERT INTO ClienteAtividade VALUES(11, '133313027');
INSERT INTO ClienteAtividade VALUES(11, '698925581');
INSERT INTO ClienteAtividade VALUES(11, '680244098');
INSERT INTO ClienteAtividade VALUES(11, '163915478');
INSERT INTO ClienteAtividade VALUES(11, '346409304');
INSERT INTO ClienteAtividade VALUES(11, '099339688');
INSERT INTO ClienteAtividade VALUES(11, '217526761');
INSERT INTO ClienteAtividade VALUES(11, '514394036');
INSERT INTO ClienteAtividade VALUES(11, '892654807');

INSERT INTO ClienteAtividade VALUES(12, '165699226');
INSERT INTO ClienteAtividade VALUES(12, '318272510');
INSERT INTO ClienteAtividade VALUES(12, '004221182');
INSERT INTO ClienteAtividade VALUES(12, '128956789');
INSERT INTO ClienteAtividade VALUES(12, '239220318');
INSERT INTO ClienteAtividade VALUES(12, '513317199');
INSERT INTO ClienteAtividade VALUES(12, '576749267');

INSERT INTO ClienteAtividade VALUES(13, '388159795');
INSERT INTO ClienteAtividade VALUES(13, '186067311');
INSERT INTO ClienteAtividade VALUES(13, '207511995');
INSERT INTO ClienteAtividade VALUES(13, '359326391');
INSERT INTO ClienteAtividade VALUES(13, '460868275');
INSERT INTO ClienteAtividade VALUES(13, '165699226');
INSERT INTO ClienteAtividade VALUES(13, '318272510');
INSERT INTO ClienteAtividade VALUES(13, '004221182');
INSERT INTO ClienteAtividade VALUES(13, '128956789');
INSERT INTO ClienteAtividade VALUES(13, '239220318');
INSERT INTO ClienteAtividade VALUES(13, '513317199');
INSERT INTO ClienteAtividade VALUES(13, '576749267');
INSERT INTO ClienteAtividade VALUES(13, '378063581');
INSERT INTO ClienteAtividade VALUES(13, '918063606');
INSERT INTO ClienteAtividade VALUES(13, '816046347');
INSERT INTO ClienteAtividade VALUES(13, '133313027');

INSERT INTO ClienteAtividade VALUES(14, '165699226');
INSERT INTO ClienteAtividade VALUES(14, '318272510');
INSERT INTO ClienteAtividade VALUES(14, '004221182');
INSERT INTO ClienteAtividade VALUES(14, '128956789');
INSERT INTO ClienteAtividade VALUES(14, '239220318');
INSERT INTO ClienteAtividade VALUES(14, '513317199');
INSERT INTO ClienteAtividade VALUES(14, '576749267');

INSERT INTO ClienteAtividade VALUES(15, '004221182');
INSERT INTO ClienteAtividade VALUES(15, '128956789');
INSERT INTO ClienteAtividade VALUES(15, '239220318');
INSERT INTO ClienteAtividade VALUES(15, '513317199');
INSERT INTO ClienteAtividade VALUES(15, '576749267');
INSERT INTO ClienteAtividade VALUES(15, '378063581');
INSERT INTO ClienteAtividade VALUES(15, '918063606');

INSERT INTO ClienteAtividade VALUES(16, '460868275');
INSERT INTO ClienteAtividade VALUES(16, '165699226');
INSERT INTO ClienteAtividade VALUES(16, '318272510');
INSERT INTO ClienteAtividade VALUES(16, '004221182');
INSERT INTO ClienteAtividade VALUES(16, '128956789');
INSERT INTO ClienteAtividade VALUES(16, '239220318');
INSERT INTO ClienteAtividade VALUES(16, '513317199');
INSERT INTO ClienteAtividade VALUES(16, '576749267');
INSERT INTO ClienteAtividade VALUES(16, '378063581');
INSERT INTO ClienteAtividade VALUES(16, '918063606');

INSERT INTO ClienteAtividade VALUES(17, '318272510');
INSERT INTO ClienteAtividade VALUES(17, '004221182');
INSERT INTO ClienteAtividade VALUES(17, '128956789');
INSERT INTO ClienteAtividade VALUES(17, '239220318');
INSERT INTO ClienteAtividade VALUES(17, '513317199');
INSERT INTO ClienteAtividade VALUES(17, '576749267');
INSERT INTO ClienteAtividade VALUES(17, '378063581');
INSERT INTO ClienteAtividade VALUES(17, '918063606');
INSERT INTO ClienteAtividade VALUES(17, '816046347');
INSERT INTO ClienteAtividade VALUES(17, '133313027');

INSERT INTO ClienteAtividade VALUES(18, '239220318');
INSERT INTO ClienteAtividade VALUES(18, '513317199');
INSERT INTO ClienteAtividade VALUES(18, '576749267');
INSERT INTO ClienteAtividade VALUES(18, '378063581');
INSERT INTO ClienteAtividade VALUES(18, '918063606');
INSERT INTO ClienteAtividade VALUES(18, '816046347');
INSERT INTO ClienteAtividade VALUES(18, '133313027');

INSERT INTO ClienteAtividade VALUES(19, '239220318');
INSERT INTO ClienteAtividade VALUES(19, '513317199');
INSERT INTO ClienteAtividade VALUES(19, '576749267');
INSERT INTO ClienteAtividade VALUES(19, '378063581');
INSERT INTO ClienteAtividade VALUES(19, '918063606');
INSERT INTO ClienteAtividade VALUES(19, '816046347');
INSERT INTO ClienteAtividade VALUES(19, '133313027');
INSERT INTO ClienteAtividade VALUES(19, '698925581');
INSERT INTO ClienteAtividade VALUES(19, '680244098');
INSERT INTO ClienteAtividade VALUES(19, '163915478');

INSERT INTO ClienteAtividade VALUES(20, '123456789');
INSERT INTO ClienteAtividade VALUES(20, '388159795');
INSERT INTO ClienteAtividade VALUES(20, '186067311');
INSERT INTO ClienteAtividade VALUES(20, '207511995');
INSERT INTO ClienteAtividade VALUES(20, '359326391');
INSERT INTO ClienteAtividade VALUES(20, '460868275');
INSERT INTO ClienteAtividade VALUES(20, '165699226');
INSERT INTO ClienteAtividade VALUES(20, '318272510');
INSERT INTO ClienteAtividade VALUES(20, '004221182');
INSERT INTO ClienteAtividade VALUES(20, '128956789');
INSERT INTO ClienteAtividade VALUES(20, '239220318');
INSERT INTO ClienteAtividade VALUES(20, '513317199');
INSERT INTO ClienteAtividade VALUES(20, '576749267');
INSERT INTO ClienteAtividade VALUES(20, '378063581');
INSERT INTO ClienteAtividade VALUES(20, '918063606');
INSERT INTO ClienteAtividade VALUES(20, '816046347');
INSERT INTO ClienteAtividade VALUES(20, '133313027');
INSERT INTO ClienteAtividade VALUES(20, '698925581');
INSERT INTO ClienteAtividade VALUES(20, '680244098');
INSERT INTO ClienteAtividade VALUES(20, '163915478');

INSERT INTO ClienteAtividade VALUES(21, '123456789');
INSERT INTO ClienteAtividade VALUES(21, '388159795');
INSERT INTO ClienteAtividade VALUES(21, '186067311');
INSERT INTO ClienteAtividade VALUES(21, '207511995');
INSERT INTO ClienteAtividade VALUES(21, '359326391');
INSERT INTO ClienteAtividade VALUES(21, '460868275');
INSERT INTO ClienteAtividade VALUES(21, '165699226');

INSERT INTO ClienteAtividade VALUES(22, '004221182');
INSERT INTO ClienteAtividade VALUES(22, '128956789');
INSERT INTO ClienteAtividade VALUES(22, '239220318');
INSERT INTO ClienteAtividade VALUES(22, '513317199');
INSERT INTO ClienteAtividade VALUES(22, '576749267');
INSERT INTO ClienteAtividade VALUES(22, '378063581');
INSERT INTO ClienteAtividade VALUES(22, '918063606');
INSERT INTO ClienteAtividade VALUES(22, '816046347');
INSERT INTO ClienteAtividade VALUES(22, '133313027');
INSERT INTO ClienteAtividade VALUES(22, '698925581');
INSERT INTO ClienteAtividade VALUES(22, '680244098');
INSERT INTO ClienteAtividade VALUES(22, '163915478');

INSERT INTO ClienteAtividade VALUES(23, '128956789');
INSERT INTO ClienteAtividade VALUES(23, '239220318');
INSERT INTO ClienteAtividade VALUES(23, '513317199');
INSERT INTO ClienteAtividade VALUES(23, '576749267');
INSERT INTO ClienteAtividade VALUES(23, '378063581');

INSERT INTO ClienteAtividade VALUES(24, '123456789');
INSERT INTO ClienteAtividade VALUES(24, '388159795');
INSERT INTO ClienteAtividade VALUES(24, '186067311');
INSERT INTO ClienteAtividade VALUES(24, '207511995');
INSERT INTO ClienteAtividade VALUES(24, '359326391');

INSERT INTO ClienteAtividade VALUES(25, '123456789');
INSERT INTO ClienteAtividade VALUES(25, '388159795');
INSERT INTO ClienteAtividade VALUES(25, '186067311');
INSERT INTO ClienteAtividade VALUES(25, '207511995');
INSERT INTO ClienteAtividade VALUES(25, '359326391');
INSERT INTO ClienteAtividade VALUES(25, '460868275');
INSERT INTO ClienteAtividade VALUES(25, '165699226');
INSERT INTO ClienteAtividade VALUES(25, '318272510');
INSERT INTO ClienteAtividade VALUES(25, '004221182');
INSERT INTO ClienteAtividade VALUES(25, '128956789');
INSERT INTO ClienteAtividade VALUES(25, '239220318');
INSERT INTO ClienteAtividade VALUES(25, '513317199');
INSERT INTO ClienteAtividade VALUES(25, '576749267');
INSERT INTO ClienteAtividade VALUES(25, '378063581');
INSERT INTO ClienteAtividade VALUES(25, '918063606');

INSERT INTO ClienteAtividade VALUES(26, '004221182');
INSERT INTO ClienteAtividade VALUES(26, '128956789');
INSERT INTO ClienteAtividade VALUES(26, '239220318');
INSERT INTO ClienteAtividade VALUES(26, '513317199');
INSERT INTO ClienteAtividade VALUES(26, '576749267');
INSERT INTO ClienteAtividade VALUES(26, '378063581');
INSERT INTO ClienteAtividade VALUES(26, '918063606');
INSERT INTO ClienteAtividade VALUES(26, '816046347');
INSERT INTO ClienteAtividade VALUES(26, '133313027');
INSERT INTO ClienteAtividade VALUES(26, '698925581');
INSERT INTO ClienteAtividade VALUES(26, '680244098');

INSERT INTO ClienteAtividade VALUES(27, '123456789');
INSERT INTO ClienteAtividade VALUES(27, '388159795');
INSERT INTO ClienteAtividade VALUES(27, '186067311');
INSERT INTO ClienteAtividade VALUES(27, '207511995');
INSERT INTO ClienteAtividade VALUES(27, '359326391');
INSERT INTO ClienteAtividade VALUES(27, '460868275');
INSERT INTO ClienteAtividade VALUES(27, '165699226');
INSERT INTO ClienteAtividade VALUES(27, '318272510');
INSERT INTO ClienteAtividade VALUES(27, '004221182');
INSERT INTO ClienteAtividade VALUES(27, '128956789');
INSERT INTO ClienteAtividade VALUES(27, '239220318');
INSERT INTO ClienteAtividade VALUES(27, '513317199');

INSERT INTO ClienteAtividade VALUES(28, '123456789');
INSERT INTO ClienteAtividade VALUES(28, '388159795');
INSERT INTO ClienteAtividade VALUES(28, '186067311');
INSERT INTO ClienteAtividade VALUES(28, '207511995');
INSERT INTO ClienteAtividade VALUES(28, '359326391');
INSERT INTO ClienteAtividade VALUES(28, '460868275');
INSERT INTO ClienteAtividade VALUES(28, '165699226');
INSERT INTO ClienteAtividade VALUES(28, '318272510');
INSERT INTO ClienteAtividade VALUES(28, '004221182');
INSERT INTO ClienteAtividade VALUES(28, '128956789');
INSERT INTO ClienteAtividade VALUES(28, '239220318');
INSERT INTO ClienteAtividade VALUES(28, '513317199');
INSERT INTO ClienteAtividade VALUES(28, '576749267');
INSERT INTO ClienteAtividade VALUES(28, '378063581');
INSERT INTO ClienteAtividade VALUES(28, '918063606');

INSERT INTO ClienteAtividade VALUES(29, '239220318');
INSERT INTO ClienteAtividade VALUES(29, '513317199');
INSERT INTO ClienteAtividade VALUES(29, '576749267');
INSERT INTO ClienteAtividade VALUES(29, '378063581');
INSERT INTO ClienteAtividade VALUES(29, '918063606');
INSERT INTO ClienteAtividade VALUES(29, '816046347');
INSERT INTO ClienteAtividade VALUES(29, '133313027');
INSERT INTO ClienteAtividade VALUES(29, '698925581');
INSERT INTO ClienteAtividade VALUES(29, '680244098');
INSERT INTO ClienteAtividade VALUES(29, '163915478');

INSERT INTO ClienteAtividade VALUES(30, '359326391');
INSERT INTO ClienteAtividade VALUES(30, '460868275');
INSERT INTO ClienteAtividade VALUES(30, '165699226');
INSERT INTO ClienteAtividade VALUES(30, '318272510');
INSERT INTO ClienteAtividade VALUES(30, '004221182');
INSERT INTO ClienteAtividade VALUES(30, '128956789');
INSERT INTO ClienteAtividade VALUES(30, '239220318');
INSERT INTO ClienteAtividade VALUES(30, '513317199');
INSERT INTO ClienteAtividade VALUES(30, '576749267');
INSERT INTO ClienteAtividade VALUES(30, '378063581');
INSERT INTO ClienteAtividade VALUES(30, '918063606');

INSERT INTO ClienteAtividade VALUES(31, '318272510');
INSERT INTO ClienteAtividade VALUES(31, '004221182');
INSERT INTO ClienteAtividade VALUES(31, '128956789');
INSERT INTO ClienteAtividade VALUES(31, '239220318');

INSERT INTO ClienteAtividade VALUES(32, '359326391');
INSERT INTO ClienteAtividade VALUES(32, '460868275');

INSERT INTO ClienteAtividade VALUES(33, '460868275');
INSERT INTO ClienteAtividade VALUES(33, '165699226');
INSERT INTO ClienteAtividade VALUES(33, '318272510');
INSERT INTO ClienteAtividade VALUES(33, '004221182');
INSERT INTO ClienteAtividade VALUES(33, '128956789');
INSERT INTO ClienteAtividade VALUES(33, '239220318');

INSERT INTO ClienteAtividade VALUES(34, '359326391');
INSERT INTO ClienteAtividade VALUES(34, '460868275');
INSERT INTO ClienteAtividade VALUES(34, '165699226');
INSERT INTO ClienteAtividade VALUES(34, '318272510');
INSERT INTO ClienteAtividade VALUES(34, '004221182');
INSERT INTO ClienteAtividade VALUES(34, '128956789');
INSERT INTO ClienteAtividade VALUES(34, '239220318');
INSERT INTO ClienteAtividade VALUES(34, '513317199');

INSERT INTO ClienteAtividade VALUES(35, '123456789');
INSERT INTO ClienteAtividade VALUES(35, '388159795');
INSERT INTO ClienteAtividade VALUES(35, '186067311');
INSERT INTO ClienteAtividade VALUES(35, '207511995');
INSERT INTO ClienteAtividade VALUES(35, '359326391');
INSERT INTO ClienteAtividade VALUES(35, '460868275');

INSERT INTO ClienteAtividade VALUES(36, '359326391');
INSERT INTO ClienteAtividade VALUES(36, '460868275');
INSERT INTO ClienteAtividade VALUES(36, '165699226');
INSERT INTO ClienteAtividade VALUES(36, '318272510');
INSERT INTO ClienteAtividade VALUES(36, '004221182');
INSERT INTO ClienteAtividade VALUES(36, '128956789');
INSERT INTO ClienteAtividade VALUES(36, '239220318');
INSERT INTO ClienteAtividade VALUES(36, '513317199');

INSERT INTO ClienteAtividade VALUES(37, '123456789');
INSERT INTO ClienteAtividade VALUES(37, '388159795');
INSERT INTO ClienteAtividade VALUES(37, '186067311');
INSERT INTO ClienteAtividade VALUES(37, '207511995');
INSERT INTO ClienteAtividade VALUES(37, '359326391');
INSERT INTO ClienteAtividade VALUES(37, '460868275');
INSERT INTO ClienteAtividade VALUES(37, '165699226');
INSERT INTO ClienteAtividade VALUES(37, '318272510');
INSERT INTO ClienteAtividade VALUES(37, '004221182');
INSERT INTO ClienteAtividade VALUES(37, '128956789');
INSERT INTO ClienteAtividade VALUES(37, '239220318');
INSERT INTO ClienteAtividade VALUES(37, '513317199');
INSERT INTO ClienteAtividade VALUES(37, '576749267');
INSERT INTO ClienteAtividade VALUES(37, '378063581');
INSERT INTO ClienteAtividade VALUES(37, '918063606');
INSERT INTO ClienteAtividade VALUES(37, '816046347');
INSERT INTO ClienteAtividade VALUES(37, '133313027');
INSERT INTO ClienteAtividade VALUES(37, '698925581');
INSERT INTO ClienteAtividade VALUES(37, '680244098');
INSERT INTO ClienteAtividade VALUES(37, '163915478');
INSERT INTO ClienteAtividade VALUES(37, '346409304');
INSERT INTO ClienteAtividade VALUES(37, '099339688');
INSERT INTO ClienteAtividade VALUES(37, '217526761');
INSERT INTO ClienteAtividade VALUES(37, '514394036');
INSERT INTO ClienteAtividade VALUES(37, '892654807');

INSERT INTO ClienteAtividade VALUES(38, '163915478');
INSERT INTO ClienteAtividade VALUES(38, '346409304');
INSERT INTO ClienteAtividade VALUES(38, '099339688');
INSERT INTO ClienteAtividade VALUES(38, '217526761');
INSERT INTO ClienteAtividade VALUES(38, '514394036');
INSERT INTO ClienteAtividade VALUES(38, '892654807');

INSERT INTO ClienteAtividade VALUES(40, '816046347');
INSERT INTO ClienteAtividade VALUES(40, '133313027');
INSERT INTO ClienteAtividade VALUES(40, '698925581');
INSERT INTO ClienteAtividade VALUES(40, '680244098');
INSERT INTO ClienteAtividade VALUES(40, '163915478');
INSERT INTO ClienteAtividade VALUES(40, '346409304');
INSERT INTO ClienteAtividade VALUES(40, '099339688');
INSERT INTO ClienteAtividade VALUES(40, '217526761');
INSERT INTO ClienteAtividade VALUES(40, '514394036');
INSERT INTO ClienteAtividade VALUES(40, '892654807');

INSERT INTO ClienteAtividade VALUES(41, '099339688');
INSERT INTO ClienteAtividade VALUES(41, '217526761');
INSERT INTO ClienteAtividade VALUES(41, '514394036');
INSERT INTO ClienteAtividade VALUES(41, '892654807');

INSERT INTO ClienteAtividade VALUES(42, '680244098');
INSERT INTO ClienteAtividade VALUES(42, '163915478');
INSERT INTO ClienteAtividade VALUES(42, '346409304');

INSERT INTO ClienteAtividade VALUES(43, '816046347');
INSERT INTO ClienteAtividade VALUES(43, '133313027');
INSERT INTO ClienteAtividade VALUES(43, '698925581');

INSERT INTO ClienteAtividade VALUES(44, '460868275');
INSERT INTO ClienteAtividade VALUES(44, '165699226');
INSERT INTO ClienteAtividade VALUES(44, '318272510');
INSERT INTO ClienteAtividade VALUES(44, '004221182');
INSERT INTO ClienteAtividade VALUES(44, '128956789');
INSERT INTO ClienteAtividade VALUES(44, '239220318');
INSERT INTO ClienteAtividade VALUES(44, '513317199');
INSERT INTO ClienteAtividade VALUES(44, '576749267');
INSERT INTO ClienteAtividade VALUES(44, '378063581');
INSERT INTO ClienteAtividade VALUES(44, '918063606');
INSERT INTO ClienteAtividade VALUES(44, '816046347');
INSERT INTO ClienteAtividade VALUES(44, '133313027');
INSERT INTO ClienteAtividade VALUES(44, '698925581');
INSERT INTO ClienteAtividade VALUES(44, '680244098');
INSERT INTO ClienteAtividade VALUES(44, '163915478');

INSERT INTO ClienteAtividade VALUES(45, '165699226');
INSERT INTO ClienteAtividade VALUES(45, '318272510');
INSERT INTO ClienteAtividade VALUES(45, '004221182');
INSERT INTO ClienteAtividade VALUES(45, '128956789');
INSERT INTO ClienteAtividade VALUES(45, '239220318');
INSERT INTO ClienteAtividade VALUES(45, '513317199');

INSERT INTO ClienteAtividade VALUES(46, '680244098');
INSERT INTO ClienteAtividade VALUES(46, '163915478');
INSERT INTO ClienteAtividade VALUES(46, '346409304');
INSERT INTO ClienteAtividade VALUES(46, '099339688');
INSERT INTO ClienteAtividade VALUES(46, '217526761');
INSERT INTO ClienteAtividade VALUES(46, '514394036');
INSERT INTO ClienteAtividade VALUES(46, '892654807');

INSERT INTO ClienteAtividade VALUES(47, '186067311');
INSERT INTO ClienteAtividade VALUES(47, '207511995');
INSERT INTO ClienteAtividade VALUES(47, '359326391');
INSERT INTO ClienteAtividade VALUES(47, '460868275');
INSERT INTO ClienteAtividade VALUES(47, '165699226');
INSERT INTO ClienteAtividade VALUES(47, '318272510');
INSERT INTO ClienteAtividade VALUES(47, '004221182');
INSERT INTO ClienteAtividade VALUES(47, '128956789');
INSERT INTO ClienteAtividade VALUES(47, '239220318');
INSERT INTO ClienteAtividade VALUES(47, '513317199');
INSERT INTO ClienteAtividade VALUES(47, '576749267');
INSERT INTO ClienteAtividade VALUES(47, '378063581');
INSERT INTO ClienteAtividade VALUES(47, '918063606');
INSERT INTO ClienteAtividade VALUES(47, '816046347');
INSERT INTO ClienteAtividade VALUES(47, '133313027');
INSERT INTO ClienteAtividade VALUES(47, '698925581');
INSERT INTO ClienteAtividade VALUES(47, '680244098');
INSERT INTO ClienteAtividade VALUES(47, '163915478');

--INSERTS da tabela ForaDeServico
INSERT INTO ForaDeServico VALUES(1, '23-GA-001', '2017-09-01', '2017-09-04');
INSERT INTO ForaDeServico VALUES(2, '24-MO-001', '2017-09-03', '2017-09-05');
INSERT INTO ForaDeServico VALUES(3, '24-VE-001', '2017-09-03', '2017-09-05');
INSERT INTO ForaDeServico VALUES(4, '24-RE-001', '2017-09-03', '2017-09-05');
INSERT INTO ForaDeServico VALUES(5, '24-GA-001', '2017-09-06', '2017-09-08');
INSERT INTO ForaDeServico VALUES(6, '24-GA-001', '2017-09-12', '2017-09-15');
INSERT INTO ForaDeServico VALUES(7, '24-GA-001', '2017-09-17', '2017-09-21');
INSERT INTO ForaDeServico VALUES(8, '21-RE-001', '2017-09-03', '2017-09-05');
INSERT INTO ForaDeServico VALUES(9, '16-MO-001', '2017-09-03', '2017-09-05');
INSERT INTO ForaDeServico VALUES(10, '20-MO-001', '2017-09-03', '2017-09-05');
INSERT INTO ForaDeServico VALUES(11, '17-MO-001', '2017-09-03', '2017-09-05');
INSERT INTO ForaDeServico VALUES(12, '20-RE-001', '2017-09-03', '2017-09-05');
INSERT INTO ForaDeServico VALUES(13, '20-VE-001', '2017-09-03', '2017-09-05');
INSERT INTO ForaDeServico VALUES(14, '14-MO-001', '2017-09-03', '2017-09-05');
INSERT INTO ForaDeServico VALUES(15, '14-GA-001', '2017-09-03', '2017-09-05');
INSERT INTO ForaDeServico VALUES(16, '13-MO-001', '2017-09-03', '2017-09-05');
INSERT INTO ForaDeServico VALUES(17, '13-VE-001', '2017-09-03', '2017-09-05');
INSERT INTO ForaDeServico VALUES(18, '18-VE-001', '2017-09-03', '2017-09-05');
INSERT INTO ForaDeServico VALUES(19, '18-GA-001', '2017-09-03', '2017-09-05');
INSERT INTO ForaDeServico VALUES(20, '19-MO-001', '2017-09-03', '2017-09-05');
INSERT INTO ForaDeServico VALUES(21, '19-RE-001', '2017-09-03', '2017-09-05');
INSERT INTO ForaDeServico VALUES(22, '7-MO-001', '2017-09-03', '2017-09-05');
INSERT INTO ForaDeServico VALUES(23, '7-GA-001', '2017-09-03', '2017-09-05');
INSERT INTO ForaDeServico VALUES(24, '8-MO-001', '2017-09-03', '2017-09-05');
INSERT INTO ForaDeServico VALUES(25, '8-VE-001', '2017-09-03', '2017-09-05');
INSERT INTO ForaDeServico VALUES(26, '11-RE-001', '2017-09-03', '2017-09-05');
INSERT INTO ForaDeServico VALUES(27, '11-MO-001', '2017-09-03', '2017-09-05');
INSERT INTO ForaDeServico VALUES(28, '27-RE-001', '2017-09-03', '2017-09-05');
INSERT INTO ForaDeServico VALUES(29, '27-MO-001', '2017-09-03', '2017-09-05');
INSERT INTO ForaDeServico VALUES(30, '24-GA-001', '2017-09-22', '2017-09-28');

INSERT INTO Aluguer VALUES(1, '2-VE-001', NULL, NULL, '2016-07-28', '2016-07-29', '186067311');
INSERT INTO Aluguer VALUES(2, '2-VE-001', NULL, NULL, '2016-07-29', '2016-07-30', '123456789');
INSERT INTO Aluguer VALUES(3, '2-VE-001', NULL, NULL, '2016-07-30', '2016-07-31', '388159795');
INSERT INTO Aluguer VALUES(4, '2-VE-001', NULL, NULL, '2016-07-31', '2016-08-01', '186067311');
INSERT INTO Aluguer VALUES(5, '2-VE-001', NULL, NULL, '2016-08-01', '2016-08-02', '207511995');
INSERT INTO Aluguer VALUES(6, '2-VE-001', NULL, NULL, '2016-08-02', '2016-08-03', '359326391');
INSERT INTO Aluguer VALUES(7, '2-VE-001', NULL, NULL, '2016-08-03', '2016-08-04', '460868275');
INSERT INTO Aluguer VALUES(8, '2-VE-001', NULL, NULL, '2016-08-04', '2016-08-05', '165699226');
INSERT INTO Aluguer VALUES(9, '2-VE-001', NULL, NULL, '2016-08-05', '2016-08-06', '123456789');
INSERT INTO Aluguer VALUES(10, '2-VE-001', NULL, NULL, '2016-08-06', '2016-08-07', '318272510');
INSERT INTO Aluguer VALUES(11, '2-VE-001', NULL, NULL, '2016-08-07', '2016-08-08', '004221182');
INSERT INTO Aluguer VALUES(12, '2-VE-001', NULL, NULL, '2016-08-08', '2016-08-09', '128956789');
INSERT INTO Aluguer VALUES(13, '2-VE-001', NULL, NULL, '2016-08-09', '2016-08-10', '186067311');
INSERT INTO Aluguer VALUES(14, '2-VE-001', NULL, NULL, '2016-08-10', '2016-08-11', '239220318');
INSERT INTO Aluguer VALUES(15, '2-VE-001', NULL, NULL, '2016-08-11', '2016-08-12', '513317199');
INSERT INTO Aluguer VALUES(16, '2-VE-001', NULL, NULL, '2016-08-12', '2016-08-13', '576749267');
INSERT INTO Aluguer VALUES(17, '2-VE-001', NULL, NULL, '2016-08-13', '2016-08-14', '378063581');
INSERT INTO Aluguer VALUES(18, '2-VE-001', NULL, NULL, '2016-08-14', '2016-08-15', '918063606');
INSERT INTO Aluguer VALUES(19, '2-VE-001', NULL, NULL, '2016-08-15', '2016-08-16', '816046347');
INSERT INTO Aluguer VALUES(20, '2-VE-001', NULL, NULL, '2016-08-16', '2016-08-17', '133313027');
INSERT INTO Aluguer VALUES(21, '2-VE-001', NULL, NULL, '2016-08-17', '2016-08-18', '698925581');
INSERT INTO Aluguer VALUES(22, '2-VE-001', NULL, NULL, '2016-08-18', '2016-08-19', '680244098');
INSERT INTO Aluguer VALUES(23, '2-VE-001', NULL, NULL, '2016-08-19', '2016-08-20', '163915478');
INSERT INTO Aluguer VALUES(24, '2-VE-001', NULL, NULL, '2016-08-20', '2016-08-21', '346409304');
INSERT INTO Aluguer VALUES(25, '2-VE-001', NULL, NULL, '2016-08-21', '2016-08-22', '099339688');
INSERT INTO Aluguer VALUES(26, '2-VE-001', NULL, NULL, '2016-08-22', '2016-08-23', '217526761');
INSERT INTO Aluguer VALUES(27, '2-VE-001', NULL, NULL, '2016-08-23', '2016-08-24', '514394036');
INSERT INTO Aluguer VALUES(28, '2-VE-001', NULL, NULL, '2016-08-24', '2016-08-25', '892654807');
INSERT INTO Aluguer VALUES(29, '2-VE-001', NULL, NULL, '2016-08-25', '2016-08-26', '350225540');
INSERT INTO Aluguer VALUES(30, '2-VE-001', NULL, NULL, '2016-08-26', '2016-08-27', '301286967');
INSERT INTO Aluguer VALUES(31, '2-VE-001', NULL, NULL, '2016-08-27', '2016-08-28', '318272510');
INSERT INTO Aluguer VALUES(32, '2-VE-001', NULL, NULL, '2016-08-28', '2016-08-29', '930766405');
INSERT INTO Aluguer VALUES(33, '2-VE-001', NULL, NULL, '2016-08-29', '2016-08-30', '343781818');
INSERT INTO Aluguer VALUES(34, '2-VE-001', NULL, NULL, '2016-08-30', '2016-08-31', '460868275');
INSERT INTO Aluguer VALUES(35, '2-VE-001', NULL, NULL, '2016-08-31', '2016-09-01', '301286967');

INSERT INTO Aluguer VALUES(36, '18-GA-001', '09:00', '21:00', '2017-01-16', '2017-01-16', '930766405');
INSERT INTO Aluguer VALUES(37, '18-MO-001', NULL, NULL, '2024-08-10', '2024-08-15', '133313027');
INSERT INTO Aluguer VALUES(38, '18-RE-001', '15:00', '18:00', '2017-01-17', '2017-01-17', '680244098');
INSERT INTO Aluguer VALUES(39, '18-VE-001', NULL, NULL, '2024-07-11', '2024-07-12', '680244098');
INSERT INTO Aluguer VALUES(40, '1-GA-001', '09:00', '12:00', '2009-01-16', '2009-01-16', '301286967');
INSERT INTO Aluguer VALUES(41, '1-MO-001', NULL, NULL, '2024-06-07', '2024-06-08', '123456789');
INSERT INTO Aluguer VALUES(42, '1-RE-001', '15:00', '18:00', '2017-01-23', '2017-01-23', '680244098');
INSERT INTO Aluguer VALUES(43, '1-VE-001', NULL, NULL, '2023-05-22', '2023-05-23', '680244098');
INSERT INTO Aluguer VALUES(44, '2-GA-001', '20:00', '08:00', '2017-01-26', '2017-01-26', '186067311');
INSERT INTO Aluguer VALUES(45, '2-MO-001', NULL, NULL, '2024-07-06', '2024-07-07', '123456789');
INSERT INTO Aluguer VALUES(46, '2-RE-001', '15:00', '23:00', '2009-06-16', '2009-06-16', '680244098');
INSERT INTO Aluguer VALUES(47, '2-VE-001', NULL, NULL, '2023-05-22', '2023-05-23', '680244098');

INSERT INTO Aluguer VALUES(48, '3-GA-001', '20:00', '08:00', '2009-06-17', '2009-06-17', '388159795');
INSERT INTO Aluguer VALUES(49, '3-MO-001', NULL, NULL, '2024-07-06', '2024-07-07', '359326391');
INSERT INTO Aluguer VALUES(50, '3-RE-001', '15:00', '23:00', '2009-06-18', '2009-06-18', '680244098');
INSERT INTO Aluguer VALUES(51, '3-VE-001', NULL, NULL, '2023-05-22', '2023-05-23', '165699226');

INSERT INTO Aluguer VALUES(52, '4-GA-001', '20:00', '08:00', '2009-06-19', '2009-06-19', '318272510');
INSERT INTO Aluguer VALUES(53, '4-MO-001', NULL, NULL, '2024-07-06', '2024-07-07', '004221182');
INSERT INTO Aluguer VALUES(54, '4-RE-001', '15:00', '23:00', '2009-06-20', '2009-06-20', '128956789');
INSERT INTO Aluguer VALUES(55, '4-VE-001', NULL, NULL, '2023-05-22', '2023-05-23', '239220318');

INSERT INTO Aluguer VALUES(56, '5-GA-001', '20:00', '22:00', '2009-06-21', '2009-06-21', '513317199');
INSERT INTO Aluguer VALUES(57, '5-MO-001', NULL, NULL, '2024-04-11', '2024-04-12', '576749267');
INSERT INTO Aluguer VALUES(58, '5-RE-001', '15:00', '19:00', '2009-06-22', '2009-06-22', '378063581');
INSERT INTO Aluguer VALUES(59, '5-VE-001', NULL, NULL, '2023-09-22', '2023-09-25', '918063606');

INSERT INTO Aluguer VALUES(60, '14-GA-001', '06:00', '10:00', '2009-06-23', '2009-06-23', '816046347');
INSERT INTO Aluguer VALUES(61, '14-MO-001', NULL, NULL, '2023-12-31', '2024-01-02', '133313027');
INSERT INTO Aluguer VALUES(62, '14-RE-001', '15:00', '19:00', '2009-06-24', '2009-06-24', '698925581');
INSERT INTO Aluguer VALUES(63, '14-VE-001', NULL, NULL, '2023-10-22', '2023-10-25', '680244098');

INSERT INTO Aluguer VALUES(64, '20-GA-001', '14:00', '19:00', '2009-06-25', '2009-06-25', '163915478');
INSERT INTO Aluguer VALUES(65, '20-MO-001', NULL, NULL, '2024-03-04', '2024-03-03', '346409304');
INSERT INTO Aluguer VALUES(66, '20-RE-001', '15:00', '21:00', '2009-06-26', '2009-06-26', '099339688');
INSERT INTO Aluguer VALUES(67, '20-VE-001', NULL, NULL, '2023-10-22', '2023-10-23', '217526761');

INSERT INTO Aluguer VALUES(68, '27-GA-001', '14:00', '19:00', '2009-06-27', '2009-06-27', '514394036');
INSERT INTO Aluguer VALUES(69, '27-MO-001', NULL, NULL, '2016-05-29', '2016-05-30', '892654807');
INSERT INTO Aluguer VALUES(70, '27-RE-001', '09:00', '23:00', '2009-06-27', '2009-06-27', '350225540');
INSERT INTO Aluguer VALUES(71, '27-VE-001', NULL, NULL, '2016-10-26', '2016-10-27', '301286967');

INSERT INTO Aluguer VALUES(72, '10-GA-001', '15:00', '16:00', '2013-07-06', '2013-07-06', '186067311');
INSERT INTO Aluguer VALUES(73, '10-GA-001', '15:00', '16:00', '2013-07-13', '2013-07-13', '186067311');
INSERT INTO Aluguer VALUES(74, '10-GA-001', '15:00', '16:00', '2013-07-20', '2013-07-20', '186067311');
INSERT INTO Aluguer VALUES(75, '10-GA-001', '15:00', '16:00', '2013-07-27', '2013-07-27', '186067311');
INSERT INTO Aluguer VALUES(76, '10-GA-001', '15:00', '16:00', '2013-08-03', '2013-08-03', '186067311');
INSERT INTO Aluguer VALUES(77, '10-GA-001', '15:00', '16:00', '2013-08-10', '2013-08-10', '186067311');
INSERT INTO Aluguer VALUES(78, '10-GA-001', '15:00', '16:00', '2013-08-17', '2013-08-17', '186067311');

-- Inserts da tabela ArtefactoReserva
INSERT INTO ArtefactoReserva VALUES(1,1);
INSERT INTO ArtefactoReserva VALUES(1,3);
INSERT INTO ArtefactoReserva VALUES(1,4);
INSERT INTO ArtefactoReserva VALUES(2,5); 
INSERT INTO ArtefactoReserva VALUES(3,5);
INSERT INTO ArtefactoReserva VALUES(2,2);
INSERT INTO ArtefactoReserva VALUES(3,2);
INSERT INTO ArtefactoReserva VALUES(3,6);
INSERT INTO ArtefactoReserva VALUES(5,7);
INSERT INTO ArtefactoReserva VALUES(6,8);
INSERT INTO ArtefactoReserva VALUES(7,9);
INSERT INTO ArtefactoReserva VALUES(8,10);
INSERT INTO ArtefactoReserva VALUES(9,11);
INSERT INTO ArtefactoReserva VALUES(10,12);
INSERT INTO ArtefactoReserva VALUES(11,13);
INSERT INTO ArtefactoReserva VALUES(12,14);
INSERT INTO ArtefactoReserva VALUES(13,15);
INSERT INTO ArtefactoReserva VALUES(14,16);
INSERT INTO ArtefactoReserva VALUES(15,17);
INSERT INTO ArtefactoReserva VALUES(4,18);
INSERT INTO ArtefactoReserva VALUES(5,19);
INSERT INTO ArtefactoReserva VALUES(6,20);
INSERT INTO ArtefactoReserva VALUES(7,21);
INSERT INTO ArtefactoReserva VALUES(8,22);
INSERT INTO ArtefactoReserva VALUES(9,23);
INSERT INTO ArtefactoReserva VALUES(10,24);
INSERT INTO ArtefactoReserva VALUES(11,25);
INSERT INTO ArtefactoReserva VALUES(12,26);
INSERT INTO ArtefactoReserva VALUES(13,27);
INSERT INTO ArtefactoReserva VALUES(14,28);

INSERT INTO ArtefactoAluguer VALUES(16, 1);
INSERT INTO ArtefactoAluguer VALUES(17, 3);
INSERT INTO ArtefactoAluguer VALUES(18, 4);
INSERT INTO ArtefactoAluguer VALUES(19, 5);
INSERT INTO ArtefactoAluguer VALUES(20, 6);
INSERT INTO ArtefactoAluguer VALUES(21, 7);
INSERT INTO ArtefactoAluguer VALUES(22, 8);
INSERT INTO ArtefactoAluguer VALUES(23, 34);
INSERT INTO ArtefactoAluguer VALUES(24, 33);
INSERT INTO ArtefactoAluguer VALUES(25, 32);
INSERT INTO ArtefactoAluguer VALUES(26, 27);
INSERT INTO ArtefactoAluguer VALUES(27, 22);
INSERT INTO ArtefactoAluguer VALUES(28, 22);
INSERT INTO ArtefactoAluguer VALUES(29, 2);
INSERT INTO ArtefactoAluguer VALUES(30, 9);
INSERT INTO ArtefactoAluguer VALUES(16, 11);
INSERT INTO ArtefactoAluguer VALUES(17, 11);
INSERT INTO ArtefactoAluguer VALUES(18, 59);
INSERT INTO ArtefactoAluguer VALUES(19, 62);
INSERT INTO ArtefactoAluguer VALUES(20, 70);
INSERT INTO ArtefactoAluguer VALUES(21, 53);
INSERT INTO ArtefactoAluguer VALUES(22, 53);
INSERT INTO ArtefactoAluguer VALUES(23, 65);
INSERT INTO ArtefactoAluguer VALUES(24, 13);
INSERT INTO ArtefactoAluguer VALUES(25, 16);
INSERT INTO ArtefactoAluguer VALUES(26, 26);
INSERT INTO ArtefactoAluguer VALUES(27, 30);
INSERT INTO ArtefactoAluguer VALUES(28, 40);
INSERT INTO ArtefactoAluguer VALUES(29, 50);
INSERT INTO ArtefactoAluguer VALUES(30, 52);
INSERT INTO ArtefactoAluguer VALUES(16, 71);

